PredictionProbability,Uncertainty,TrueLabel,BQS
0.4640000000000001,0.10372559954032563,1,0.5919988190157863
0.13899999999999998,0.02576819745345025,0,0.5437222080947905
0.877,0.04308131845707606,1,0.39256994430132575
0.07250000000000001,0.024520399670478456,0,0.6282617788041994
0.1565,0.05253808142671371,0,0.5823624870893436
0.8710000000000001,0.041218927691049935,1,0.6170291226401332
0.16099999999999998,0.04705316142407437,0,0.47427258245150145
0.8755000000000001,0.03804273912325456,1,0.4636142840190871
0.8640000000000001,0.04498888751680798,0,0.41508864186915184
0.9235,0.021453437952924908,1,0.6338780920915048
0.49000000000000005,0.04129164564412517,0,0.48909820778204743
0.06899999999999999,0.019078784028338916,0,0.6764891673275948
0.6984999999999999,0.037218946787892844,1,0.6063647655682902
0.3165,0.04816897341650537,1,0.45320105874647504
0.1115,0.038343839140075685,0,0.4292405252542016
0.14700000000000002,0.04365775990588614,0,0.5278484517076717
0.19549999999999998,0.043269504272639876,0,0.5550003458735386
0.7945,0.04870574914730295,1,0.5236367831448989
0.10300000000000001,0.022934689882359433,0,0.6837359365180102
0.3235,0.05301179114121688,0,0.8598996927981699
0.2165,0.05084535377003488,1,0.717059301621866
0.16250000000000003,0.04045058714036175,0,0.60803631525387
0.121,0.0290516780926679,0,0.6323566915485361
0.9090000000000001,0.023000000000000003,1,0.6390888175302616
0.44849999999999995,0.09659321922371156,0,0.6759364562497929
0.806,0.03072458299147442,1,0.4868188518389514
0.1995,0.04429729111356585,0,0.3863024865747513
0.8565000000000002,0.053200093984879404,1,0.7648003478160899
0.49350000000000005,0.08746570756587978,1,0.3464615278810007
0.8370000000000001,0.08983874442577655,1,0.4880230296029465
0.8094999999999999,0.0785,1,0.5335488482702052
0.8789999999999999,0.023643180835073798,1,0.8221900539724888
0.262,0.04001249804748511,0,0.9542859983347283
0.1545,0.03797696670351649,0,0.8389828472189755
0.3065,0.07755804278087478,0,0.510854688884135
0.511,0.05580322571321482,0,0.6633390603530503
0.181,0.04170131892398608,0,0.8527477394996119
0.5674999999999999,0.0718766304162904,0,0.36176630761097794
0.20550000000000002,0.04772054065075123,1,0.5473202498013447
0.6849999999999999,0.07256031973468695,1,0.4503335095703692
0.8385,0.04769958071094545,1,0.5335346021077829
0.39250000000000007,0.05325645500782042,0,0.6887532935941695
0.10049999999999999,0.032745228660065885,0,0.4897268630939561
0.9400000000000002,0.015165750888103067,1,0.6802110454381443
0.11949999999999998,0.019551214796017156,0,0.5068141982597385
0.8860000000000001,0.03686461718233355,1,0.9138570574080229
0.9099999999999998,0.035496478698597705,1,0.3244681680976781
0.9189999999999999,0.028178005607210725,1,0.45024371576773853
0.8780000000000001,0.02238302928559941,1,0.8028769022696187
0.8205,0.03724580513292738,1,0.5300380413659705
0.6984999999999999,0.06249199948793446,0,0.49158221999982565
0.1855,0.058670691149840734,0,0.6472515658655352
0.24400000000000005,0.034409301068170514,0,0.6133708843869479
0.077,0.025806975801127882,0,0.5057971846640352
0.07350000000000001,0.02757263135792447,0,0.8490007753077521
0.9455,0.02138340478034308,1,0.7746366041772303
0.1115,0.020862646045025066,0,0.7408614474288403
0.22549999999999998,0.04772054065075122,0,0.7652241526135592
0.10149999999999999,0.03162672920173694,1,0.7548742538340906
0.7230000000000001,0.06289674077406555,0,0.6362395902831534
0.13399999999999998,0.04768647607026546,0,0.5837013050723777
0.246,0.028354893757515653,0,0.4186616147291425
0.25400000000000006,0.044821869662029945,0,0.6658000925905765
0.1565,0.022366269246345046,0,0.733374502565187
0.873,0.05104899607240086,0,0.7992325366532058
0.11450000000000002,0.03423813663153998,0,0.42657927507300986
0.1015,0.04330415684434925,0,0.6528311465360171
0.17250000000000001,0.05640257086339239,1,0.6613143107767712
0.868,0.029000000000000026,1,0.39619989787160215
0.8275,0.0287445647036096,1,0.7626397956191086
0.076,0.029223278392404912,0,0.6032218621793984
0.1965,0.052395133361792294,0,0.364720804873807
0.6714999999999999,0.05983519031473034,1,0.6461032555705716
0.8334999999999999,0.0614837376872942,1,0.5389296307560405
0.267,0.05754128952326321,1,0.5487556168296571
0.531,0.067,0,0.2881245134251169
0.789,0.039293765408776986,1,0.6342051595524849
0.6815,0.0724586088743084,1,0.8384516497494128
0.06599999999999999,0.022781571499789037,0,0.8023696762202123
0.21800000000000003,0.05933801479658719,0,0.6467023991646972
0.193,0.05582114294781145,0,0.6194947052868067
0.1615,0.026177280225416853,0,0.7201587028277385
0.4990000000000001,0.049030602688525056,1,0.6998664025658933
0.5585,0.0728028158796073,0,0.6076912378654398
0.606,0.09043782394551518,1,0.8360755190734271
0.034999999999999996,0.015491933384829668,0,0.6295877692984623
0.449,0.041641325627314034,1,0.6823384340038332
0.277,0.034942810419312305,1,0.6013189784082009
0.0915,0.032791004864139196,0,0.6557841820121559
0.1345,0.029364093720052047,0,0.6680126860587539
0.321,0.04846648326421053,0,0.6295074795558472
0.06300000000000001,0.01676305461424021,0,0.5493854775057654
0.658,0.05473572873361603,1,0.5689775562660739
0.1915,0.058311662641361894,0,0.3749826636051701
0.8550000000000001,0.05333854141237837,1,0.5962383002680662
0.11450000000000002,0.033797189232242376,0,0.44176400450224335
0.5115000000000001,0.052395133361792294,0,0.748413809291992
0.055999999999999994,0.026814175355583846,0,0.6707951414046671
0.1485,0.042252218876645986,0,0.6942547437552102
0.5005,0.09201766134824335,1,0.8875334528192861
0.273,0.0564003546088143,0,0.7808336768362053
0.10350000000000001,0.03808214804865923,0,0.6226179344346818
0.217,0.055371472799628514,0,0.7308693403798076
0.1255,0.042098099719583545,0,0.5649493236801267
0.07150000000000002,0.01975474626513841,0,0.5106632201488784
0.9045,0.02328626204439004,1,0.41966600361182016
0.8724999999999999,0.032958306995354,1,0.6388653967391742
0.323,0.038091993909481814,0,0.6487329419256775
0.1055,0.017951323071016243,0,0.6277714448409087
0.1655,0.039777506206397605,0,0.6932536325933005
0.5335,0.08049999999999999,0,0.4213649201735967
0.7,0.08200609733428363,1,0.5342411213147641
0.089,0.019849433241279208,0,0.5105771438939846
0.9475,0.018337120820892217,1,0.4354322979460266
0.5995,0.045024993059410906,0,0.6023763507099027
0.356,0.04963869458396343,0,0.4874044585070211
0.6980000000000001,0.05259277516921883,1,0.46742677977647695
0.923,0.024310491562286422,1,0.6037250166377423
0.9055,0.030777426793024802,1,0.464344275419059
0.9305000000000001,0.02611991577321793,1,0.7720848251126076
0.09999999999999999,0.023769728648009424,0,0.42929566480382725
0.7460000000000001,0.04820788317277579,1,0.7307833204185578
0.9324999999999999,0.021124630174277587,1,0.6010520220470451
0.29300000000000004,0.022158519806160334,0,0.4647306733977533
0.43249999999999994,0.05745650528878344,0,0.6629189797839619
0.8474999999999999,0.03669127961791466,0,0.8528399638228856
0.86,0.033241540277189334,1,0.8024103517044353
0.071,0.020591260281974,0,0.5331410605982267
0.11550000000000002,0.03181587653986607,0,0.6771472807692964
0.8905,0.03069609095634168,1,0.7061404746721538
0.3685,0.0455549119195724,1,0.2962797500623728
0.14300000000000002,0.03385262175962152,0,0.6109588773284897
0.43899999999999995,0.0803056660516554,1,0.6718403334331005
0.9280000000000002,0.023685438564653997,1,0.49275197869670534
0.175,0.03146426544510455,0,0.5322252815007007
0.127,0.03195309061734092,0,0.5015210695778337
0.7605,0.05560800302114793,1,0.6874646716934513
0.1595,0.03320015060206805,0,0.8101624888029382
0.092,0.031717503054307414,0,0.7016760897781078
0.8855000000000001,0.017951323071016257,1,0.5781210177261075
0.20400000000000001,0.055533773507659284,0,0.7449476861805691
0.5640000000000001,0.1037496987947435,1,0.37281503249306874
0.6990000000000001,0.04294182110716777,1,0.7549002764737522
0.7699999999999999,0.03577708763999665,1,0.4606685232034897
0.9550000000000001,0.018574175621006696,1,0.4981430469992906
0.077,0.02839013913315678,0,0.8331891660582333
0.9505000000000001,0.01724093964956665,1,0.5064532899028062
0.089,0.03144837038703278,0,0.7212941878669794
0.23700000000000002,0.055955339334151116,0,0.6859149160668514
0.9235,0.02168524844220142,1,0.621395329522009
0.1465,0.05775162335380711,0,0.7820330807346145
0.1295,0.018227726133558185,0,0.5046659665121827
0.0445,0.016800297616411445,0,0.6099155382797179
0.16799999999999998,0.0391279950930277,0,0.9123124662291523
0.9254999999999999,0.03488911004883901,1,0.5018124203314249
0.172,0.05418486873657627,0,0.7413636901922297
0.07300000000000001,0.01345362404707371,0,0.5656789604476766
0.203,0.060753600716336155,0,0.5836698935618674
0.15700000000000003,0.057801384066473706,0,0.6327854760392304
0.0745,0.02814693589007514,0,0.5431961245377286
0.9644999999999999,0.013683932183404022,1,0.6596183759496468
0.1035,0.02258871399615303,0,0.5632746314692378
0.30500000000000005,0.062088646305101546,0,0.5646333095704519
0.121,0.026720778431774776,0,0.3325934370608415
0.089,0.023748684174075836,1,0.4146716876599097
0.4035,0.042014878317091435,1,0.4997445082657043
0.543,0.04202380277890138,1,0.5784264179741512
0.231,0.05365631370118525,0,0.7849541682946932
0.8785000000000001,0.02214158982548455,1,0.7002453281262208
0.679,0.0844926032265547,1,0.5699732377947301
0.0465,0.0136106575888162,0,0.6321040570519654
0.15849999999999997,0.04410498838000074,0,0.3264856817657542
0.18450000000000003,0.03416504061171303,0,0.5154494801716747
0.625,0.035496478698597705,1,0.6963443161618701
0.7825000000000001,0.03802959373961285,1,0.8045257132756843
0.48600000000000004,0.043977266854592065,1,0.7239583895379329
0.9155,0.021383404780343084,1,0.4387601034430991
0.9364999999999999,0.02258871399615301,0,0.3968254458469908
0.049,0.018138357147217055,0,0.5295385012278169
0.209,0.04276680956068619,0,0.8138704357447956
0.2435,0.04000312487793923,0,0.3762010380850941
0.9595,0.02079062288629178,1,0.41684624196839526
0.8135,0.040190172928217166,0,0.4752994910438539
0.1085,0.023350588857671238,0,0.5947153936473866
0.10900000000000001,0.02947880594596735,0,0.6236044555671232
0.08349999999999999,0.030417922348510266,0,0.6522131860165051
0.14400000000000002,0.032,0,0.7257380684560445
0.7265,0.03899038342976381,1,0.4748351376040846
0.0615,0.02793295544692684,0,0.5354983646219837
0.2455,0.03531642677282061,0,0.7964083941984282
0.46699999999999997,0.03893584466786358,0,0.6603792535742872
0.12300000000000003,0.0374299345444258,0,0.6248444917244769
0.054000000000000006,0.013747727084867519,1,0.62771189949298
0.16399999999999998,0.05458021619598075,0,0.5648418733371657
0.193,0.03861346915261565,0,0.8707429214478896
0.9254999999999999,0.022632940595512522,1,0.5890516866550841
0.8310000000000001,0.06296030495478878,1,0.8202805741934187
0.41949999999999993,0.04052468383590427,0,0.6836222861009342
0.74,0.0755976190101249,1,0.33553010405395384
0.7685000000000001,0.05128596299183627,1,0.9480115017587298
0.41100000000000003,0.07238093671679029,0,0.5029639801839771
0.8295,0.037579914848227106,1,0.6325566742568174
0.082,0.03280243893371345,1,0.7691914962429213
0.16799999999999998,0.04087786687193939,0,0.48282348641490214
0.10400000000000001,0.02244994432064365,0,0.44509773369930106
0.9055,0.021960191255997744,1,0.6666221039853906
0.1485,0.0616056003947693,0,0.9065078948678046
0.662,0.07211795892841116,1,0.2810009082800907
0.48450000000000004,0.06389248782133938,1,0.5393538016976342
0.21000000000000002,0.043358966777357594,0,0.7681370630648919
0.5439999999999999,0.05834380858325927,0,0.3333007826654406
0.3455,0.10689831617008756,0,0.44326444859240477
0.7585,0.0513346861293609,1,0.7338805176403081
0.29050000000000004,0.06369654621720082,0,0.8375788993306605
0.32,0.06971370023173351,1,0.3923720807325636
0.8835000000000001,0.02793295544692687,1,0.5269741299629901
0.242,0.04512205669071392,0,0.6480198128295058
0.8295,0.06346061770893818,1,0.7866047302072225
0.796,0.04414748010928822,1,0.7505033501247924
0.1485,0.016889345754054538,0,0.5661765836925232
0.28600000000000003,0.059615434243155525,0,0.30049219644774133
0.9375,0.03303407331831784,0,0.45749525735326685
0.9359999999999999,0.016552945357246815,1,0.5300693142391626
0.0945,0.024743686063317245,0,0.801054555276866
0.581,0.0783198569968051,1,0.506603967285201
0.17250000000000004,0.06450775147220682,0,0.48090949610875794
0.0735,0.02280898945591409,0,0.5528708822206848
0.41050000000000003,0.050569259436934605,0,0.8538365880866771
0.7739999999999999,0.0678527818147495,1,0.7638161263243076
0.122,0.03018277654557314,1,0.44828608879328385
0.8854999999999998,0.03629393888791902,1,0.43040658117244746
0.5715,0.08342811276781945,1,0.6345651645398852
0.1025,0.024824383174612823,1,0.48468482136282615
0.7745000000000001,0.048396797414705026,1,0.8395041990683483
0.3705,0.09440471386535738,1,0.6830170378472501
0.9414999999999999,0.033915335764223224,1,0.7663416332959556
0.7415,0.08087181214737307,1,0.619450789279953
0.8009999999999999,0.05107837115648853,1,0.8100187376176029
0.308,0.06136774397026503,1,0.8942985813254645
0.05,0.016583123951777003,0,0.572384655735655
0.8605,0.032592176975464536,1,0.8551638097598858
0.16249999999999998,0.03501785258978625,0,0.7450961443256576
0.2545,0.04997249243333776,0,0.46436655450826003
0.806,0.045760244754590194,1,0.7755859251761273
0.9120000000000001,0.03034798181098702,1,0.8499367617997817
0.40199999999999997,0.08681013765684281,0,0.6418361735667893
0.16999999999999998,0.049749371855331,0,0.5843329519881081
0.23149999999999998,0.03279100486413919,0,0.6062860583414648
0.2875,0.0637671545546765,1,0.67903763977725
0.22400000000000003,0.054945427471264616,0,0.7455111436303514
0.0845,0.0191637678967368,0,0.607939703446825
0.303,0.033181320046074124,0,0.7182020565565752
0.2665,0.04307261310856355,0,0.3901241656128379
0.24499999999999997,0.044609416046390925,0,0.6635115188374496
0.127,0.03641428291206625,1,0.7390207736213412
0.17850000000000002,0.037016888037759196,0,0.8756296124618491
0.6100000000000001,0.06670832032063166,0,0.3390785236420948
0.16299999999999998,0.04296510211788166,0,0.6707879375237303
0.1855,0.022852789764052875,1,0.4164237948720131
0.174,0.03254228019054596,0,0.4193219744850717
0.9120000000000001,0.024207436873820418,1,0.5594742941607098
0.9030000000000001,0.021470910553583886,1,0.5718080003650999
0.1495,0.044240818256447295,0,0.45932870182791274
0.12950000000000003,0.03467347689517162,0,0.7009492898945952
0.9184999999999999,0.010735455276791954,1,0.6700196665621886
0.051000000000000004,0.015297058540778351,0,0.7716471073230544
0.8585,0.04341946568072897,1,0.7282115028258289
0.844,0.03967366884975474,1,0.5776023787473241
0.7385,0.06738137724920736,1,0.8563094903210882
0.1165,0.036403983298534795,0,0.7535318356977982
0.12,0.035355339059327376,0,0.5446328038261845
0.8520000000000001,0.03009983388658483,1,0.7679047070378963
0.275,0.06160357132504576,1,0.40417519486432985
0.399,0.05717516943569122,1,0.8145955937537496
0.9015000000000001,0.025985572920372554,1,0.7167795883364336
0.8940000000000001,0.019974984355438197,1,0.5719633979885149
0.056499999999999995,0.01484082207965583,0,0.5235196929855244
0.898,0.028565713714171423,1,0.578684290216508
0.8240000000000001,0.056471231613982015,1,0.5546714769742677
0.175,0.03098386676965934,0,0.6524164647954726
0.07150000000000001,0.020742468512691545,0,0.5387425335013926
0.094,0.022338307903688678,1,0.6895103394268292
0.766,0.07898734075787081,1,0.5616611785255491
0.8714999999999999,0.0324846117415616,1,0.42200173682249853
0.9385,0.011629703349612976,1,0.6399409134445053
0.181,0.04004996878900157,1,0.5899666775846891
0.767,0.047864391775097284,1,0.8120441995709405
0.093,0.022158519806160338,1,0.5446946683005321
0.4765,0.07599506562928939,0,0.6148911737177044
0.3905000000000001,0.0935534606521854,0,0.8095565663283755
0.343,0.039509492530276816,1,0.7591282245105815
0.1345,0.023393375130579173,0,0.5835469601312364
0.95,0.021330729007701527,1,0.6904267650022957
0.154,0.02477902338672773,0,0.6828078987576619
0.14350000000000002,0.02757263135792447,0,0.5171236312154686
0.9270000000000002,0.02304343724360581,1,0.6571739553977899
0.6705,0.06400976488005561,1,0.7309949056597125
0.877,0.02666458325194679,1,0.48416631160991563
0.393,0.04905099387372288,1,0.6055287145791496
0.1335,0.03821321760857099,0,0.41860766258583965
0.3215,0.04533486517019766,1,0.8483014924737622
0.4655,0.07030113797087499,0,0.5712804692043745
0.3315,0.06434477445760454,1,0.5714448628696424
0.882,0.02908607914449797,1,0.4534410978431871
0.20299999999999999,0.049457052075512944,1,0.5944064897057766
0.0625,0.014361406616345072,0,0.6136882679738209
0.08049999999999999,0.014396180048887968,0,0.6322647837884346
0.4779999999999999,0.054092513345194077,1,0.4691631414830811
0.18799999999999997,0.06229767250869008,0,0.8021957833379637
0.12150000000000001,0.04483581157958446,0,0.7304969850946867
0.11900000000000002,0.023000000000000003,1,0.415161378365656
0.203,0.02471841418861655,0,0.4139881985934421
0.272,0.04044749683231337,0,0.65197319771456
0.118,0.03479942528261063,0,0.3868121112119347
0.07749999999999999,0.019653244007033544,0,0.4739726739193752
0.30199999999999994,0.09713907555664714,0,0.47589476678339077
0.8320000000000001,0.05005996404313531,1,0.6176870036016903
0.1905,0.04987233702163956,0,0.3010985834876504
0.0465,0.010965856099730654,1,0.8981077240250501
0.9365,0.031388692231439,1,0.4969730366559194
0.9095000000000001,0.03335041229130458,0,0.6849967269428128
0.21199999999999997,0.0837018518313663,0,0.8745321101527954
0.10999999999999999,0.01802775637731995,0,0.7982161602723306
0.6679999999999999,0.033030289129827466,1,0.5175796798850634
0.9055000000000002,0.020180436070610583,1,0.4709930481749582
0.25149999999999995,0.04822084611451773,0,0.6664656938191793
0.10700000000000001,0.03272613634390715,0,0.5645775076562164
0.747,0.04232020793899767,1,0.43910704494565356
0.5005,0.048757050772170366,0,0.7513783253720947
0.5015,0.08068612024381888,1,0.33575797535587343
0.0445,0.012539936203984452,1,0.5716575745109304
0.1705,0.03933509883043387,1,0.6800672629081564
0.1715,0.05801077486122729,0,0.5796977581143592
0.15600000000000003,0.03120897306865447,0,0.712078189164313
0.08449999999999999,0.027427176303804954,0,0.7743220697511772
0.23049999999999998,0.03717862289004261,0,0.3466460064893544
0.14650000000000002,0.022588713996153028,0,0.7234828178686405
0.09449999999999999,0.03220636583037584,0,0.5331691178358285
0.4459999999999999,0.05544366510251646,1,0.3165415640266473
0.9339999999999999,0.03469870314579492,1,0.41692011001997853
0.1135,0.03271467560591118,0,0.8595864832007584
0.9030000000000001,0.037696153649941534,1,0.4950819569334205
0.131,0.04097560249709576,0,0.48662472374079624
0.2775,0.04930770730829005,1,0.6770103686903856
0.8010000000000002,0.055263007518592394,0,0.5868469262445025
0.30649999999999994,0.05783813620786894,1,0.4126399410977985
0.9095000000000001,0.026405491853021806,1,0.7361939695637334
0.1405,0.052841744861425614,0,0.3468869761697784
0.6605000000000001,0.027244265451650547,1,0.7063521745017366
0.185,0.03840572873934304,0,0.4434019107263142
0.9315,0.03788469347902923,1,0.6122107345998258
0.27799999999999997,0.05173006862551025,0,0.5490225529534346
0.1365,0.032019525293170724,0,0.6162583398122174
0.125,0.021563858652847826,0,0.3373671472431073
0.32700000000000007,0.04112177038990417,1,0.5352980639846199
0.07,0.011401754250991379,0,0.5687398542570463
0.16900000000000004,0.053,0,0.6719999878307407
0.12400000000000003,0.02374868417407583,0,0.6915848574377006
0.12450000000000001,0.03085854824841894,0,0.5537124221050076
0.18049999999999997,0.039335098830433866,0,0.3721357713987151
0.0495,0.018634645153584223,0,0.6755134566741958
0.12300000000000003,0.03249615361854385,0,0.7062856427900923
0.20800000000000002,0.06364746656387825,0,0.34477881424248125
0.8714999999999999,0.031228992939254407,1,0.7372086903481614
0.877,0.024819347291981736,1,0.8584863927155412
0.772,0.05119570294468081,1,0.6122474495614607
0.8945000000000001,0.016500000000000015,1,0.8876081345656969
0.4870000000000001,0.059211485372349854,1,0.5379483474270041
0.8805,0.03888765871070156,1,0.5696935269449318
0.191,0.028705400188814643,1,0.7189369607708042
0.951,0.023958297101421853,1,0.6130385346446798
0.8414999999999999,0.05123719352189384,1,0.8060324349464297
0.05349999999999999,0.019371370627810518,0,0.3587052778966881
0.8825,0.03250000000000003,1,0.718425414423245
0.5595000000000001,0.06149999999999998,0,0.6782148759262203
0.2355,0.06059909240244444,0,0.5774073707462593
0.8034999999999999,0.04006557125513125,1,0.5293320996517655
0.2415,0.05661492736019363,0,0.7219685453395506
0.0415,0.012658988901172162,0,0.6856095138309416
0.6355000000000001,0.05587709727607547,0,0.7337941611458018
0.9455000000000002,0.026024027359346193,1,0.6658391772889423
0.0615,0.02864000698323937,0,0.43036525992513014
0.5025000000000001,0.08869188237939253,0,0.439097542577487
0.7589999999999999,0.06011655346075656,1,0.9047623020803198
0.394,0.0494368283772331,1,0.49123199243712784
0.07799999999999999,0.028301943396169812,0,0.7204134726872153
0.9265000000000001,0.024804233509624903,0,0.6607278535604846
0.7989999999999999,0.09221713506718802,1,0.6476312635127756
0.042,0.016155494421403512,0,0.6913228978528132
0.8925000000000003,0.03451448971084463,1,0.6091368754582099
0.12249999999999998,0.01600781059358212,0,0.4407446147445533
0.714,0.07168681887209112,1,0.5793591086086085
0.8760000000000001,0.020832666655999674,1,0.5822773228676872
0.9095000000000001,0.024336187047275915,1,0.3999323516681043
0.08299999999999999,0.020760539492026695,0,0.4715314645780311
0.923,0.024919871588754194,1,0.7805107964156522
0.932,0.02830194339616979,0,0.4651760330007303
0.1125,0.04935838327984417,0,0.4528928193158407
0.1135,0.030744918279286416,0,0.3010171711807948
0.34750000000000003,0.047499999999999994,0,0.9016278806351605
0.1725,0.04232316150761897,0,0.7220343375473579
0.121,0.04646504062195577,0,0.8380509538140481
0.7755,0.06657514551242076,1,0.6177888101625957
0.13699999999999998,0.03515679166249389,0,0.39765688761498863
0.34149999999999997,0.09107826304887462,1,0.45020446470223807
0.34950000000000003,0.05763896251668657,1,0.7801816182248094
0.39299999999999996,0.03310589071449369,1,0.539879909632102
0.16799999999999998,0.03241913015489466,0,0.7543889220343408
0.144,0.02177154105707724,0,0.5501831515858445
0.14500000000000002,0.028635642126552705,0,0.5286048532735472
0.23049999999999998,0.050815843985906606,0,0.6063054993143487
0.3025,0.03919502519453202,0,0.7291254838865007
0.17,0.056789083458002744,0,0.5405936258970517
0.2864999999999999,0.06176771001097579,0,0.7975461524248317
0.873,0.03472751070837069,1,0.4616556488564415
0.8125,0.035584406697316155,1,0.663296155361573
0.8979999999999999,0.015033296378372921,0,0.45911382775534915
0.893,0.03769615364994152,1,0.4805759632967141
0.24949999999999997,0.04395736570814953,0,0.3842350169174701
0.8444999999999998,0.04162030754331351,1,0.5649824898528519
0.09999999999999999,0.01746424919657298,0,0.3685760654764658
0.273,0.07043436661176132,1,0.8129837820675779
0.17450000000000002,0.04174026832688069,0,0.8856361723295424
0.793,0.02812472222085046,1,0.35540089170753475
0.07550000000000001,0.03020347662107791,0,0.47972076060839947
0.8400000000000001,0.04588027898781785,1,0.4858213261204547
0.10500000000000001,0.024799193535274492,1,0.871126797311524
0.16499999999999998,0.035637059362410926,0,0.4258906529962101
0.9295,0.02054872258803449,1,0.42132135271143545
0.8355,0.055247171873318554,1,0.653653653391308
0.078,0.028301943396169815,0,0.5790829938208651
0.47650000000000003,0.05626055456534356,0,0.7810260031153091
0.9295000000000002,0.023606143268225733,1,0.7024995758914383
0.131,0.03527038417709679,0,0.7945166736563485
0.291,0.048569537778323554,0,0.6148626554563594
0.0915,0.027207535720825585,0,0.38644821669064944
0.9435,0.02500499950009996,1,0.7132416195619354
0.227,0.05045790324617146,1,0.7272125063443572
0.783,0.042906875905849864,1,0.5570034943581887
0.1085,0.02133658829335187,0,0.9100094070404336
0.8305,0.040401113846031525,1,0.7318243384714067
0.8915000000000001,0.030987900864692344,1,0.5962510722285701
0.8175000000000001,0.04718315377335432,1,0.35403121011074234
0.34750000000000003,0.07769330730506971,1,0.34316941588568173
0.4920000000000001,0.06017474553332152,0,0.6677918472236934
0.06600000000000002,0.03152776554086889,0,0.729250644729156
0.5450000000000002,0.0641482657598785,1,0.8099203837979927
0.273,0.04556314299957807,0,0.8162944846787019
0.5075000000000001,0.05202163011671202,0,0.35088909553013997
0.126,0.02853068523537421,0,0.565899297489715
0.3115,0.06225150600587908,0,0.5526151488628555
0.4035,0.07402871064661332,0,0.84101733707086
0.9160000000000001,0.027549954627911804,1,0.7509790352511385
0.2015,0.04056168142471414,0,0.5406082217127981
0.40750000000000003,0.06849270034098524,0,0.3013943764933632
0.19,0.0286356421265527,1,0.7527473918484627
0.8055000000000001,0.03297347418759508,1,0.43541372441397064
0.1715,0.027390691849604673,0,0.425701553542848
0.7789999999999999,0.08745856161634494,1,0.2735575735862317
0.429,0.03519943181359608,1,0.4407400773022302
0.291,0.04938623289946299,0,0.4966509476054901
0.12350000000000001,0.033395358958993086,0,0.7169676747712901
0.833,0.053721504074253176,1,0.6593862898480157
0.6094999999999999,0.08292918665946264,1,0.3492634883797693
0.1815,0.0580538543078752,1,0.8344326258823762
0.515,0.06957010852370435,0,0.3178785025613907
0.1845,0.04469060303911774,0,0.6985629971115678
0.0905,0.028935272592460575,0,0.8000009277236924
0.36899999999999994,0.036318039594669754,1,0.8354226528974296
0.9120000000000001,0.020518284528683185,1,0.655008867241167
0.133,0.031160872901765762,0,0.5034843020977936
0.29300000000000004,0.0451220566907139,0,0.5330954444842462
0.12050000000000001,0.032745228660065885,0,0.6770779424398455
0.119,0.03590264614203248,0,0.7922089471183258
0.4499999999999999,0.0521056618804521,1,0.41812342317836704
0.7645,0.05964268605621311,0,0.7171711807379724
0.7475,0.06439138141086895,1,0.7287411457234327
0.207,0.05348831648126533,0,0.6099804298227365
0.7150000000000001,0.0411703777004778,0,0.28916451507965685
0.1505,0.0345289733412391,0,0.6647555742593094
0.0435,0.015173990905493517,0,0.5586657495515825
0.9175000000000001,0.03696281915655244,1,0.408603660395685
0.33349999999999996,0.0637200910231616,0,0.33869110464989693
0.12200000000000003,0.03264965543462902,0,0.5707906576487336
0.0375,0.012298373876248842,0,0.5261960984150161
0.1625,0.02768122107133282,1,0.5837793875278461
0.7004999999999999,0.04496943406359479,1,0.8427006235640141
0.18899999999999997,0.03760319135392633,0,0.786792741867775
0.094,0.027820855486487113,0,0.3710483069889295
0.8895000000000002,0.021383404780343115,1,0.726621349932069
0.12150000000000001,0.025500000000000002,0,0.43097978591821173
0.32649999999999996,0.05783813620786895,0,0.8759659123546678
0.09449999999999999,0.033425289826716546,0,0.4914274907460673
0.18649999999999997,0.025004999500099975,0,0.760948867194646
0.8705,0.03996561021678513,1,0.437541841162821
0.39,0.04516635916254486,0,0.6050998858153881
0.0675,0.020402205763103167,0,0.5432212989681391
0.49799999999999994,0.055054518434003205,0,0.37073472760552717
0.275,0.0746993975879324,1,0.41939870819700986
0.8775000000000001,0.050608793702280636,1,0.8217576177084506
0.10500000000000001,0.02428991560298224,0,0.8188227381666124
0.726,0.052858301145610055,1,0.6106147474522671
0.4779999999999999,0.06063002556489646,0,0.5909651065198451
0.9274999999999999,0.019267848867997664,1,0.5563410970142814
0.7145,0.062026204139863345,0,0.6054714510522708
0.138,0.0469148164229596,0,0.6802540594802969
0.28900000000000003,0.06537583651472462,1,0.7114104311076722
0.2105,0.056940758688306926,0,0.6701642714146147
0.7764999999999999,0.0600020832971656,1,0.8911191588798067
0.9654999999999999,0.017670597047072287,1,0.7428227442195331
0.9164999999999999,0.03058185736674605,1,0.4644265091193361
0.1095,0.04818972919616793,0,0.74745207970115
0.0715,0.032019525293170724,0,0.7096581729105007
0.8354999999999999,0.08719088255087226,1,0.5382381992310946
0.358,0.05514526271584894,1,0.5348749435448626
0.13799999999999998,0.03957271787481876,0,0.5540602120784536
0.29050000000000004,0.054242511003824295,0,0.4989750162093519
0.0895,0.02263294059551255,0,0.37162541557300277
0.121,0.049789557138018414,0,0.5548116070204103
0.10700000000000001,0.03034798181098704,0,0.6498911824387981
0.876,0.02773084924772412,1,0.5691937413821758
0.052500000000000005,0.01833712082089225,0,0.5811853050348936
0.2265,0.02145343795292494,0,0.6034614916814429
0.8885,0.027663152387246114,1,0.5721297700399368
0.11400000000000002,0.038974350539810146,0,0.555715989564977
0.8344999999999999,0.0346013005535919,1,0.846880355353059
0.16350000000000003,0.022254213084267886,0,0.7580358489591763
0.36000000000000004,0.0556327241828045,1,0.5383820989826278
0.41200000000000003,0.06569627082262737,0,0.6800080991714362
0.12350000000000001,0.037151715976519846,0,0.7915213908389164
0.268,0.034,1,0.8103491868079884
0.23149999999999998,0.05766498070753168,1,0.5733680550586799
0.25050000000000006,0.05451834553615874,0,0.5095791406730312
0.138,0.050950956811427986,0,0.4082760436738304
0.7935000000000001,0.05895125104694555,1,0.5895199727581422
0.2995,0.06886399639869879,0,0.467658534909152
0.03350000000000001,0.014150971698084908,0,0.48081525080473964
0.8709999999999999,0.04689349635077343,1,0.6810139660786187
0.5035000000000001,0.06434477445760456,1,0.6388351411658955
0.10600000000000001,0.037336309405188936,0,0.6621502939052317
0.183,0.036482872693909395,0,0.5214043184514949
0.9295,0.03134086788842962,1,0.7684735038911716
0.7110000000000001,0.0551724568965349,1,0.49704153573652277
0.5235,0.0651939414363022,1,0.7241977159686965
0.2245,0.03416504061171302,0,0.6703338489972527
0.5050000000000001,0.061032778078668505,0,0.8639714157442989
0.1135,0.02408837894089181,0,0.5550991773442898
0.1435,0.040190172928217166,0,0.7091812514909814
0.5225,0.10421732101718983,0,0.7095247624524497
0.1325,0.02337199178504049,0,0.5965957509607955
0.9014999999999999,0.055183783849968096,1,0.6016804502767344
0.14150000000000001,0.029159046623646663,0,0.6132259670346015
0.8515,0.04260575078554538,1,0.7856207064854492
0.2045,0.0533127564472144,0,0.396422117592125
0.525,0.023979157616563596,0,0.6657722957093816
0.185,0.05403702434442519,0,0.5277244714284723
0.8364999999999998,0.04006557125513125,1,0.7390092971441464
0.11000000000000001,0.030166206257996715,0,0.5224083233044244
0.8695,0.03895189340712465,1,0.6561268614014766
0.44349999999999995,0.07563233435508916,1,0.9363970114374877
0.8744999999999999,0.02602402735934623,0,0.5843557671297173
0.2125,0.0392587569849072,0,0.5990317624919328
0.16,0.03866522985836241,0,0.4451251474353114
0.28700000000000003,0.07163099887618489,0,0.7495153344301475
0.25349999999999995,0.08780802924562195,0,0.5827536185905803
0.9075,0.027133927102430268,0,0.5686486312265576
0.082,0.036891733491393436,0,0.5769403357803056
0.152,0.023151673805580447,0,0.764430267672198
0.07100000000000002,0.03160696125855822,0,0.753622806543947
0.1,0.03917907604831947,1,0.7529634786229937
0.35799999999999993,0.03822302970723278,0,0.5235679723524602
0.675,0.0458257569495584,0,0.7302310078255735
0.039999999999999994,0.012247448713915891,0,0.6160817318282826
0.8634999999999999,0.021914607000811145,1,0.8036353885908424
0.19249999999999998,0.03756660751252367,0,0.4885882288681952
0.3605,0.034091787867461566,0,0.6585169905603225
0.0925,0.036486298798316066,0,0.6375539834928096
0.8755,0.04751052514969708,1,0.4442900168274345
0.29849999999999993,0.055948637159451885,0,0.8292634507697316
0.8595,0.029702693480558293,1,0.5893456322473896
0.7959999999999999,0.0278208554864871,1,0.7414670866787229
0.7795000000000001,0.04606788469204984,1,0.6727178386531731
0.1675,0.03124499959993599,0,0.6422640089531779
0.532,0.08614522621712709,0,0.780377496334776
0.3045,0.027427176303804954,0,0.7006129549916688
0.13999999999999999,0.03442382895611701,0,0.5553772408861596
0.8990000000000002,0.02154065922853801,1,0.42654779435098394
0.183,0.04501110973970759,0,0.639020505323481
0.6039999999999999,0.0689492567037528,1,0.6226488352178847
0.0485,0.018580904176062046,0,0.47366239959707346
0.8870000000000001,0.029342801502242447,1,0.7052864008593167
0.7945,0.046392348507054475,1,0.7214671860933024
0.20150000000000007,0.045664537663267765,0,0.6942754119085212
0.4175000000000001,0.07263780007681951,0,0.5957009948046048
0.24250000000000002,0.038681390874682885,0,0.32942354382795197
0.6515000000000001,0.08034457044505247,1,0.5353962204247198
0.152,0.04237924020083418,0,0.7765365977846499
0.1035,0.03507491981459117,0,0.7224032720832786
0.8520000000000001,0.0346554469023269,0,0.6715886873418214
0.8380000000000001,0.04848711168960264,1,0.7129093547057117
0.0655,0.025144581921360314,0,0.5340585532757847
0.4725,0.07328881224307021,1,0.47392140785885745
0.368,0.06017474553332153,1,0.540938836922718
0.561,0.08172514912803769,1,0.7580186076143606
0.17450000000000002,0.04418427322023074,0,0.7388429325549946
0.131,0.0383275357934736,0,0.5770366957160569
0.8535,0.038474017206421275,1,0.7132226219454672
0.0925,0.030923292192132457,0,0.7387791669046401
0.1375,0.03743327396848958,0,0.6850179417044681
0.804,0.03973663297261105,1,0.49440831280317976
0.4465,0.061929395282046815,0,0.7099386691795019
0.5970000000000001,0.08738420909981391,0,0.611278344913225
0.27999999999999997,0.06053924347066125,0,0.5906257171548759
0.9335000000000001,0.022588713996153014,1,0.7544585180575248
0.9190000000000002,0.026343879744638983,1,0.5761108247191284
0.14200000000000002,0.0434856298103178,0,0.8001238932877078
0.9095000000000001,0.030368569278120428,1,0.5638900375034221
0.9079999999999998,0.034,1,0.48270051488680177
0.29400000000000004,0.08175573374387878,0,0.517806968527614
0.186,0.04763402145525822,0,0.40020673862005507
0.2955,0.048705749147302926,0,0.46886346346778013
0.3255,0.06513255714310623,0,0.8770974538779958
0.14100000000000001,0.033674916480965475,0,0.6275516862478155
0.365,0.08218880702382778,1,0.7097776779049634
0.18050000000000005,0.04457858230136979,0,0.7172724305642704
0.07650000000000001,0.03694928957368464,0,0.6776244906941584
0.865,0.023874672772626667,1,0.7743207510384074
0.30600000000000005,0.03397057550292606,0,0.6015056820844474
0.36550000000000005,0.06326333851449827,1,0.6431644093057244
0.17650000000000005,0.05138336306626883,0,0.5942862759683917
0.8014999999999999,0.06738137724920737,1,0.5716993906173625
0.23400000000000004,0.07313685801290619,0,0.38556311315981595
0.281,0.051613951602255764,0,0.5456995672680116
0.8795,0.04131888188225816,1,0.6431389199807853
0.49349999999999994,0.0782639763876076,1,0.5429835371353535
0.174,0.029899832775452103,0,0.8165970603029247
0.07149999999999998,0.019371370627810518,0,0.6406161946799396
0.178,0.03515679166249389,0,0.8064669519184802
0.8109999999999999,0.04963869458396343,1,0.582677262608728
0.288,0.04249705872175155,0,0.43143326631454326
0.609,0.10549407566304374,1,0.8343560037090346
0.519,0.06785278181474949,1,0.7805876764204644
0.17500000000000002,0.04690415759823429,0,0.5700111994471027
0.8790000000000001,0.06307931515164064,1,0.46981389573223964
0.5195,0.07107918119956082,0,0.4682512911845156
0.893,0.023895606290697063,1,0.8964002371445099
0.409,0.03352610922848042,0,0.6999426726435616
0.583,0.0446206230346462,1,0.45917570279635145
0.48500000000000004,0.07067531393633847,0,0.7440985247801062
0.8485000000000001,0.03146823795511912,1,0.4254599436199748
0.1295,0.05824302533351096,1,0.6734349849479601
0.9335000000000001,0.02280898945591406,1,0.5101057297941258
0.596,0.06636264009214823,1,0.7583928090970111
0.899,0.02046948949045874,1,0.7025933903460674
0.341,0.04085339643163099,1,0.5786797223243743
0.47700000000000004,0.0511468474101777,1,0.7940953964236496
0.47300000000000003,0.06975672010638115,1,0.38585306492848437
0.10350000000000001,0.038474017206421275,0,0.6237202261615591
0.792,0.039127995093027695,0,0.4299610457719203
0.7515,0.04231134599608005,1,0.7266242565542153
0.189,0.07552483035399682,0,0.9523284986347645
0.26549999999999996,0.054104066390614304,0,0.45314365279496954
0.049499999999999995,0.03289756829919196,0,0.6274838044862189
0.7949999999999999,0.04306971093471605,1,0.8296044631229622
0.233,0.05644466316668034,0,0.20573395093718608
0.10749999999999997,0.031004031995854983,0,0.5778096665612601
0.14850000000000002,0.018580904176062046,0,0.3246889302898794
0.076,0.027910571473905726,0,0.5346358873960079
0.05449999999999999,0.010828203913853857,0,0.7039152661763245
0.05700000000000001,0.024819347291981715,0,0.5616241821834
0.613,0.05992495306631455,0,0.6302270152290965
0.931,0.016248076809271896,1,0.6149477522320868
0.0385,0.0105,0,0.4913291279320344
0.9100000000000001,0.017175564037317684,1,0.4349536039377291
0.9465000000000001,0.01898025289610228,1,0.516247897046164
0.0995,0.03460130055359191,0,0.5787717968271731
0.31200000000000006,0.031400636936215164,0,0.6371638956790381
0.174,0.023853720883753128,0,0.6290595379504347
0.2615,0.03801644381054072,0,0.6597102807882846
0.4805,0.0704432395620758,0,0.740050705525655
0.14500000000000002,0.0441021541423999,1,0.42301284922269394
0.6415000000000001,0.04421820891895104,0,0.5541173055654693
0.1135,0.021685248442201446,0,0.6712595297853458
0.09500000000000001,0.028106938645110397,0,0.5248604351292125
0.0675,0.012698425099200295,1,0.5159444995583587
0.051500000000000004,0.0187149672722129,0,0.6526572864519753
0.8,0.06953416426476987,1,0.4363616361246837
0.8765000000000001,0.029669007398293618,1,0.7030205364130555
0.1715,0.05030159043211258,0,0.44997418617195234
0.8584999999999999,0.04248823366533375,1,0.4827864205208699
0.8065000000000001,0.04012792045446661,0,0.588455933421701
0.4825000000000001,0.06112487218800544,1,0.7077462950086668
0.25549999999999995,0.048654393429576316,0,0.5041461282339321
0.1595,0.057334544560849174,0,0.899516754203698
0.0875,0.03341032774457623,0,0.5656799335974338
0.23750000000000004,0.06466258578188783,0,0.44461147542913804
0.15050000000000002,0.04777290026782967,0,0.34025942660373654
0.9055,0.018227726133558202,1,0.7488843603268039
0.8554999999999999,0.03327536626394967,1,0.6516252450129977
0.32999999999999996,0.035213633723318025,0,0.7453593703364176
0.7314999999999999,0.046046172479371185,1,0.8525102202673626
0.558,0.08056674251823763,1,0.6863397545635926
0.1075,0.019525624189766635,0,0.505280394063949
0.5685,0.06379851095441022,0,0.3442029497691884
0.1865,0.04025232912515747,0,0.6313352224979791
0.915,0.021794494717703356,0,0.6437361060607842
0.9169999999999998,0.026191601707417585,1,0.6264538439594554
0.083,0.021470910553583886,0,0.9015756345710182
0.147,0.05381449618829485,0,0.8140323188099347
0.1315,0.04544502172955801,0,0.6957329299922832
0.133,0.038157568056677825,0,0.4707572652855191
0.8554999999999999,0.05428858075138823,1,0.7318030081799335
0.23500000000000004,0.04873397172404482,0,0.6250908381888088
0.23099999999999996,0.04619523784980439,1,0.8607260098981764
0.9005000000000001,0.033574543928399106,1,0.46763609582578874
0.532,0.0567978872846517,1,0.26978735564040773
0.909,0.023748684174075826,1,0.5592136454084908
0.1365,0.04135516896350443,0,0.8062654984572281
0.8535,0.04427471061452577,1,0.573885573672489
0.93,0.022135943621178635,1,0.6848675298872611
0.8434999999999999,0.04353446910208048,1,0.5423887097686795
0.9139999999999999,0.022671568097509268,1,0.34057393499880656
0.22200000000000003,0.039382737335030435,1,0.6643434872514742
0.9359999999999999,0.031685959035509706,1,0.4695364109723432
0.1395,0.056278326201122934,0,0.4061660491695265
0.18850000000000003,0.03748666429545312,1,0.8191940453009916
0.5994999999999999,0.07620531477528324,1,0.7453893756897431
0.5469999999999999,0.07603288762108144,1,0.8836707775350567
0.0795,0.023711811402758753,0,0.37999087775285634
0.8150000000000001,0.042778499272414866,1,0.7247449537104222
0.502,0.06554387843269575,1,0.6907816255763958
0.1045,0.021731313812100733,0,0.5542081080767962
0.197,0.042790185790669344,0,0.7345152678850411
0.139,0.04170131892398608,0,0.725920864908107
0.15699999999999997,0.029512709126747406,0,0.6507693086506017
0.0935,0.02074246851269154,0,0.6689551681188954
0.905,0.027294688127912362,1,0.5156011358680773
0.4545,0.0596845876252823,0,0.6679417731859291
0.5189999999999999,0.06788961628997471,1,0.8950867924623336
0.8950000000000001,0.030331501776206204,1,0.6890637925493848
0.9344999999999999,0.017670597047072266,1,0.7106536170989345
0.6825000000000001,0.042204857540335323,1,0.6593076785684978
0.067,0.026664583251946764,0,0.7346028040352285
0.1865,0.03384154251803543,0,0.4556942517456696
0.9035000000000002,0.053434539391670616,1,0.33124794924498324
0.8989999999999998,0.026438608132804596,1,0.39080901395232115
0.28300000000000003,0.04589117562233506,0,0.8154475171916848
0.093,0.028124722220850468,1,0.6359935466643066
0.0455,0.015074813431681334,0,0.6112585334057994
0.094,0.015132745950421555,0,0.3757624444484197
0.20049999999999998,0.04009052257080219,0,0.722131516045168
0.3945,0.0848660709588938,0,0.6265667486788895
0.1165,0.04571925196238451,0,0.4512097783177683
0.172,0.05187484939737175,0,0.3210861773539188
0.1265,0.038733060813728626,1,0.6120072125298852
0.06550000000000002,0.010828203913853859,0,0.512608319515738
0.5565,0.04438749823993236,0,0.7002268949303219
0.0495,0.012134661099511598,0,0.663890063053175
0.11700000000000002,0.04313930922024598,0,0.8870902440227604
0.14550000000000002,0.0351034186369362,0,0.2957550022378087
0.9119999999999999,0.03091924966748061,1,0.4761506275357338
0.5955,0.07030113797087498,0,0.6721222856653394
0.8364999999999998,0.03361919094802846,1,0.7847056420581044
0.08549999999999999,0.0215,0,0.8068698915253709
0.16399999999999998,0.03652396473549935,0,0.32151770085684944
0.844,0.03942080668885404,1,0.5506296356164357
0.39,0.061400325732034994,0,0.5528870187626874
0.20549999999999996,0.04740516849458505,0,0.7510712172053637
0.2145,0.051207909545303645,0,0.6703807977814533
0.7304999999999999,0.035457721302982796,0,0.7398294278927336
0.146,0.048518037882832814,0,0.7992670909304285
0.18550000000000003,0.037579914848227106,0,0.656839883381049
0.129,0.03935733730830885,0,0.8737545676437557
0.343,0.033999999999999996,1,0.7201657228774994
0.7430000000000001,0.0377624151769984,1,0.5801525557683047
0.131,0.03411744421846396,0,0.9382144054398529
0.3545,0.03663673020344474,0,0.6833362521656653
0.834,0.021424285285628522,1,0.4861901198056634
0.16749999999999998,0.03689512162874653,0,0.6596695525225958
0.8690000000000001,0.03967366884975476,1,0.6644220749673831
0.33149999999999996,0.03347013594235911,0,0.4023677632631939
0.11749999999999998,0.025617376914898994,0,0.7206852381390902
0.8995000000000001,0.02433618704727594,1,0.7018612089139734
0.031,0.016703293088490067,0,0.5020178156611818
0.8230000000000001,0.02590366769397722,1,0.6321703453117855
0.17149999999999999,0.032019525293170724,0,0.753862299801717
0.087,0.03392639090737475,0,0.6341635281639235
0.072,0.021702534414210706,0,0.5529625231438497
0.634,0.07020683727387239,1,0.5658061596981669
0.41550000000000004,0.054701462503300595,0,0.4379022484100563
0.8680000000000001,0.05450688029964658,1,0.7598224492322349
0.1385,0.0405,0,0.5232552709744223
0.21550000000000002,0.07343194127898295,0,0.33263574829293835
0.44349999999999995,0.045719251962384515,1,0.6181664587251803
0.28600000000000003,0.03374907406137241,1,0.5376367641372914
0.798,0.07846018098373211,1,0.5662010009108278
0.137,0.02227105745132009,0,0.6997781556816596
0.8850000000000001,0.039812058474788775,1,0.4386232106390353
0.23199999999999998,0.04495553358597805,0,0.4024746537878968
0.31799999999999995,0.06388270501473775,0,0.5086387046204108
0.11599999999999999,0.04091454509095757,0,0.6509338984755753
0.1785,0.020982135258357286,0,0.7426090187486318
0.12349999999999998,0.03493207694941714,0,0.6726795889303748
0.786,0.07073895673530957,1,0.6195754982005571
0.233,0.0696491205974634,0,0.4533641804304467
0.13,0.024596747752497684,0,0.6641327735424921
0.9425000000000001,0.03076117683054403,1,0.8259179141291402
0.9345000000000001,0.01849999999999997,1,0.5931001724495081
0.446,0.06707458535093601,1,0.6406578668889921
0.4125,0.053256455007820405,0,0.6364352804091662
0.7705,0.0859200209497181,1,0.7932974763596161
0.24800000000000005,0.06462197768561405,0,0.5540313560993175
0.7745,0.043327243161779876,1,0.6758446904801179
0.10900000000000001,0.02736786436680802,0,0.7485753763957018
0.42299999999999993,0.05249761899362675,1,0.7034652921378765
0.12200000000000003,0.026944387170614963,0,0.635230438449946
0.23600000000000004,0.050980388386123544,0,0.29383343247893756
0.11250000000000002,0.0338563140344604,0,0.58462369775898
0.876,0.02267156809750929,1,0.47722499751566755
0.14350000000000002,0.02958462438497403,1,0.6700640422088815
0.3115,0.03866846260197062,0,0.6718991383360954
0.06800000000000002,0.024617067250182343,0,0.5245239136376905
0.48550000000000004,0.062026204139863345,1,0.5470777447503761
0.688,0.07576938695805847,1,0.5024196014275463
0.14700000000000005,0.037027017163147234,0,0.6694942690709036
0.18049999999999997,0.044746508243660756,1,0.7782006839223006
0.265,0.04582575694955839,0,0.6464920182543192
0.07799999999999999,0.029086079144497977,0,0.45133216044459823
0.05650000000000001,0.023563743335896357,0,0.642688065349513
0.14700000000000002,0.03756327994198589,0,0.4831847816969689
0.195,0.042426406871192854,0,0.9142732206116356
0.1515,0.04582848459200894,0,0.40318549855261665
0.38850000000000007,0.05701096385784054,1,0.6192096519744845
0.9570000000000001,0.012688577540449532,1,0.7785879562301726
0.19749999999999998,0.05080600358225394,0,0.48636850190629866
0.9120000000000001,0.023790754506740626,1,0.47968096747873434
0.36849999999999994,0.06610786640030065,0,0.5409679267117355
0.9120000000000001,0.021470910553583907,1,0.6746325213340088
0.0635,0.015337861650177967,0,0.41054480670945426
0.1085,0.02958462438497403,0,0.6675872015897801
0.5295000000000001,0.055966507841744055,1,0.5108565673822957
0.11200000000000002,0.020149441679609883,0,0.6221743330464222
0.233,0.04894895300208167,0,0.3762899715121172
0.7605000000000001,0.05312485294097292,1,0.47278763155337467
0.121,0.030967725134404045,0,0.7004962638707659
0.873,0.03340658617698016,1,0.5769288199625922
0.767,0.06519969325081215,1,0.5919315427687496
0.379,0.04134005321718878,0,0.3651186996222883
0.07549999999999998,0.03517456467392312,0,0.8141629639857666
0.6735,0.04019017292821715,0,0.59321324516656
0.0695,0.020180436070610566,0,0.7082156957944811
0.514,0.0626418390534633,1,0.35632413949919683
0.075,0.03090307428072489,0,0.5228088622657364
0.9185000000000001,0.03626637561157717,1,0.615335337966709
0.18,0.056612719418872644,1,0.4978598258831292
0.30650000000000005,0.04461221805738873,1,0.5674675895974075
0.2355,0.03869431482789171,0,0.8651092070849458
0.12150000000000001,0.0295,0,0.37380697044642425
0.372,0.08746999485537885,1,0.6596844961139907
0.16,0.0282842712474619,0,0.7900202125072535
0.0955,0.02631064423384574,0,0.5577336158717996
0.4680000000000001,0.07291090453423274,0,0.6558028365151191
0.8585,0.04037635446644485,1,0.5958469324975473
0.17849999999999996,0.029330018752124928,0,0.7109200343038984
0.17250000000000004,0.06577423507727019,0,0.4400604369670227
0.579,0.050635955604688664,0,0.6038570784429335
0.9299999999999999,0.023979157616563572,0,0.3852033176557246
0.4385,0.047013295991666024,1,0.6023538649460716
0.09499999999999999,0.022803508501982758,0,0.4080072198611934
0.12250000000000001,0.028570089254323305,0,0.4588169600294357
0.0625,0.02462214450449026,0,0.45535092335403077
0.051500000000000004,0.019371370627810518,0,0.4865167617844668
0.158,0.054,1,0.6615507327198465
0.06150000000000001,0.02280898945591409,0,0.49957989009665804
0.602,0.06504613747179767,1,0.7087763713530317
0.7730000000000001,0.04965883607174057,1,0.8001442533220291
0.08349999999999999,0.018445866745696714,0,0.5568202144788467
0.2475,0.02610076627227638,0,0.553474459872841
0.8654999999999999,0.051742149162940655,1,0.7142296391977203
0.175,0.0262678510731274,0,0.46714449375843514
0.31250000000000006,0.05586814834948442,1,0.28350456806464785
0.11399999999999999,0.04948737212663448,0,0.3701081788734538
0.1855,0.048859492424706996,0,0.5053687453286184
0.079,0.015620499351813309,0,0.5951925106690866
0.9465,0.024191940806805867,1,0.4976618323188948
0.277,0.040632499307820084,0,0.5151469245967891
0.14850000000000002,0.027299267389437394,0,0.7839200030222373
0.1305,0.029364093720052047,0,0.5512367595402883
0.8505,0.04552197271648056,1,0.4803605592393644
0.9165000000000001,0.023774986855937475,0,0.577480758107105
0.11700000000000002,0.029765752132274437,0,0.6105014422175408
0.7965,0.04012792045446661,1,0.8584594841278231
0.828,0.036619666847201096,0,0.780245938005925
0.8074999999999999,0.029347061181658356,1,0.9180376512794329
0.14550000000000002,0.046714558758485555,0,0.7662181069758551
0.16899999999999998,0.045596052460711994,0,0.6799656685158735
0.5149999999999999,0.047853944456021584,1,0.7114711635418864
0.48599999999999993,0.08555115428794635,0,0.4124192757067452
0.254,0.0472122865364515,0,0.8056275728618931
0.20049999999999998,0.020056171120131576,0,0.2966759605774332
0.5025000000000001,0.07443957280909126,0,0.8131276193980461
0.7114999999999999,0.03082612528359669,1,0.5383818503623445
0.7845,0.043095823463532974,1,0.5877749313806618
0.1105,0.020056171120131576,0,0.5571390357834466
0.9365,0.028987066081271478,1,0.6038873955826758
0.20500000000000002,0.027658633371878665,0,0.5034575157330239
0.162,0.02238302928559939,0,0.7116003787368599
0.25,0.05412947441089743,0,0.572391961595595
0.20549999999999996,0.04568643124604941,0,0.5034006716094939
0.18649999999999997,0.052633164449802934,0,0.484669747146334
0.07600000000000001,0.02118962010041709,0,0.32581068051842826
0.194,0.024879710609249456,0,0.6983427736510268
0.077,0.02461706725018234,0,0.5042578752766337
0.145,0.04266145801540309,0,0.6709434927338063
0.18200000000000002,0.045398237851264664,0,0.5217884274377504
0.34349999999999997,0.06168670845490136,0,0.6519598835705669
0.8504999999999999,0.052889034780377674,1,0.5242644863671089
0.16799999999999998,0.040632499307820084,0,0.7897819610945893
0.8940000000000001,0.02709243436828816,1,0.8986261112168611
0.8930000000000001,0.03392639090737476,1,0.5333036178810915
0.09999999999999999,0.030495901363953814,0,0.7022854228020916
0.9065,0.036745748053346274,1,0.8162976419083308
0.119,0.04846648326421053,0,0.5319799561283469
0.9554999999999998,0.019032866310674263,0,0.43628213536909355
0.9274999999999999,0.02112463017427758,1,0.6465217488874332
0.624,0.049386232899462985,1,0.5027608209659322
0.08900000000000001,0.02754995462791182,0,0.7854250551997985
0.0845,0.030939457008809963,0,0.545228054291278
0.43100000000000005,0.08333066662399864,0,0.7942982604335327
0.9085000000000001,0.03420891696619466,0,0.7251475291469744
0.128,0.024617067250182343,0,0.7324836288947475
0.9199999999999999,0.03255764119219941,1,0.6404368835975743
0.11950000000000001,0.03823937760999779,0,0.4738041806339466
0.258,0.0578013840664737,0,0.5140046617965022
0.37800000000000006,0.0837914076740569,1,0.2957588870436567
0.7870000000000001,0.054,1,0.7420460248165883
0.14250000000000002,0.047867003248584505,0,0.6660115420111378
0.8755000000000001,0.048085860707696604,1,0.6549913813047727
0.08849999999999998,0.04237039060476077,1,0.5784610422781947
0.9390000000000001,0.020952326839756934,1,0.6109963572571406
0.6820000000000002,0.07727224598780601,1,0.2607152221943865
0.09949999999999999,0.03259217697546452,0,0.6505617475408418
0.15500000000000003,0.04811444689487763,0,0.7360645954980972
0.8685,0.04086869217383891,0,0.5273525262201567
0.5304999999999999,0.059684587625282295,1,0.6813400080473702
0.0635,0.01789553016817328,0,0.4910721152339982
0.1605,0.03342528982671653,0,0.49361895916454734
0.07050000000000001,0.03173720214511671,0,0.6464961272454913
0.14650000000000002,0.02366960075708925,0,0.44036535582780156
0.164,0.035057096285916196,0,0.781448726597693
0.882,0.045508241011931044,1,0.5709422005642184
0.20650000000000004,0.04353446910208048,1,0.6419604319355524
0.3075,0.06145120015101413,0,0.8031959402914407
0.2065,0.03271467560591118,0,0.5011979799016696
0.057499999999999996,0.018200274723201296,0,0.7092232426953289
0.2545,0.04552197271648055,0,0.6922613942341752
0.849,0.04380639222761903,1,0.26617092480995796
0.14150000000000001,0.01844586674569672,0,0.7356143526766792
0.09399999999999999,0.024576411454889015,1,0.875981480888732
0.497,0.053113086899558,1,0.6847774619175624
0.15,0.04006245124802026,0,0.6719053465268
0.8560000000000001,0.04892851929090029,1,0.669202928796252
0.8944999999999999,0.049721725633770995,1,0.5543890551352891
0.133,0.04044749683231337,0,0.7461102542246245
0.11750000000000001,0.025024987512484394,0,0.7729498470274883
0.14450000000000002,0.0401528330258277,0,0.46201160665979935
0.5814999999999999,0.055724770075793045,0,0.5963242917386766
0.20600000000000002,0.04048456495999432,0,0.515726903847248
0.553,0.09298386956886662,1,0.708118446974648
0.885,0.03263433774416147,1,0.6005602483577342
0.29100000000000004,0.032233522922572394,0,0.3358541558318336
0.1535,0.029244657631779514,0,0.5993467023838865
0.6515000000000001,0.0678251428306642,0,0.41414533952921
0.32249999999999995,0.0546465918424928,0,0.6783382591695795
0.19049999999999997,0.025636887486588537,0,0.8699350472935787
0.071,0.018681541692269404,0,0.4366762080183584
0.3005,0.03990300740545755,1,0.5276250214099056
0.1275,0.048231213959426734,0,0.6967628720794562
0.8030000000000002,0.07470609078247904,1,0.7321737856565472
0.23800000000000004,0.03333166662499793,1,0.6562708803637125
0.09999999999999999,0.026551836094703504,0,0.693644484077649
0.1735,0.039373214245220056,0,0.8423122150325352
0.1785,0.08136491873037174,0,0.9051948316807797
0.883,0.05292447448959695,1,0.6661016141034847
0.1325,0.045124826869473965,0,0.3850020102051664
0.06999999999999998,0.01788854381999832,0,0.8514942782529755
0.18350000000000002,0.015819292019556376,0,0.715731304149365
0.15250000000000002,0.028306359709436325,0,0.663974051051042
0.842,0.05975784467331464,1,0.7667231889680153
0.22749999999999995,0.03355964838909967,1,0.6474167675089785
0.16299999999999998,0.03736308338453881,0,0.7350519892948855
0.909,0.046032597145935605,1,0.54461532219642
0.07100000000000001,0.02395829710142188,0,0.38599148564068525
0.14150000000000001,0.0342819194328439,0,0.8515684216258774
0.2815,0.03339535895899308,1,0.6493535493589963
0.7795000000000001,0.043384905209070124,1,0.381722982857731
0.43899999999999995,0.06036555309114628,1,0.4308063382640527
0.7985,0.05244282601080914,1,0.5894870028461058
0.11199999999999999,0.026381811916545834,0,0.6245577821902377
0.909,0.03512833614050058,1,0.5583169746641093
0.22649999999999998,0.040127920454466615,0,0.6428462892991146
0.8724999999999999,0.0451801947760299,0,0.5613565390646678
0.10750000000000001,0.03355964838909967,0,0.6648877027648106
0.034999999999999996,0.013784048752090224,0,0.48801445575119884
0.27699999999999997,0.04142463035441596,0,0.4957979446376499
0.9730000000000001,0.012083045973594584,0,0.5339597357455202
0.121,0.026907248094147424,0,0.4958062754142415
0.18250000000000002,0.04178815621680382,0,0.7154977611987212
0.15150000000000002,0.046853495067070504,0,0.6435009961331029
0.13649999999999998,0.02280898945591409,0,0.36678903571665655
0.23899999999999996,0.0544426303552648,0,0.8735629653294648
0.9145,0.03134086788842962,1,0.7603105867775591
0.7080000000000001,0.09135644476444996,1,0.6325692261040956
0.20000000000000004,0.04832183771339828,0,0.478272311515739
0.11199999999999999,0.026476404589747454,0,0.6183644219438901
0.24450000000000002,0.054472470111057006,0,0.38567183174102526
0.088,0.03140063693621517,0,0.528358013237033
0.20700000000000002,0.03776241517699841,0,0.512636873416038
0.10400000000000001,0.027910571473905726,0,0.5229913896097562
0.1795,0.014396180048887966,0,0.4431099538895379
0.2015,0.03178443015062564,0,0.5257776095529293
0.9075,0.032190837205639734,1,0.4095898600456479
0.899,0.03638681079732052,1,0.5120602698025415
0.20049999999999998,0.04203867267171979,0,0.5996014273743946
0.2615,0.04183598929151789,1,0.4892637632242906
0.89,0.037682887362833574,1,0.6026073057782022
0.2165,0.060911821512740855,1,0.5700846066293667
0.2795,0.040215046935195786,0,0.7376434218970891
0.05600000000000001,0.011575836902790229,0,0.49085696116945154
0.11300000000000002,0.027129319932501072,0,0.5652866290808253
0.1115,0.038733060813728626,0,0.49028875400787164
0.12799999999999997,0.033926390907374745,0,0.546868436294264
0.078,0.020760539492026695,0,0.8056130674374348
0.933,0.016155494421403484,1,0.7084897329879024
0.0355,0.009340770846134704,0,0.5083524094885422
0.119,0.03411744421846397,0,0.45380535813013595
0.123,0.03333166662499792,0,0.3971218403878517
0.30650000000000005,0.050152268144122866,0,0.3023725384613125
0.7055,0.0989557982131416,1,0.47738112236691577
0.49850000000000005,0.04511374513382814,1,0.6461464379226535
0.132,0.04044749683231337,0,0.802288566481069
0.1635,0.04438749823993238,0,0.5061088556503894
0.868,0.03203123475609394,1,0.4156010555458618
0.24899999999999997,0.07262231062146124,0,0.4280907844466667
0.842,0.04013726448077896,1,0.8428453931259573
0.42750000000000005,0.07201562330494683,0,0.4224582519521225
0.501,0.08374962686484043,0,0.5992326635028781
0.11749999999999998,0.04261748467472006,0,0.6543685679214717
0.5800000000000001,0.08561541917201596,1,0.2694519301721503
0.882,0.027495454169735034,1,0.5727320689843991
0.2065,0.03233032632065442,1,0.5771701642142146
0.9285,0.0137931142241337,1,0.6794330988152999
0.8479999999999999,0.03241913015489466,1,0.5535965269836904
0.566,0.0537028863283902,0,0.7086010063441509
0.796,0.029223278392404895,1,0.45067818420714756
0.9105000000000001,0.031020154738492196,1,0.468098790512347
0.8865000000000001,0.04658594208556913,1,0.6207502149709765
0.6955,0.03615591237958184,0,0.6185494768086444
0.933,0.022715633383201067,1,0.6545978339713333
0.8245000000000001,0.04040111384603152,1,0.6432317528987787
0.211,0.037469987990390384,0,0.657749242918051
0.876,0.04963869458396343,1,0.5385502043564085
0.42799999999999994,0.09338629449764028,0,0.3826934588179056
0.18050000000000002,0.036155912379581844,0,0.6542674808354061
0.28550000000000003,0.04309582346353298,0,0.6527453559483077
0.7914999999999999,0.04111265012134343,1,0.5909950834512427
0.852,0.039000000000000014,1,0.5351879669874906
0.062,0.024310491562286433,0,0.7450449946790219
0.9155000000000001,0.04064787817340531,1,0.47467373169143157
0.8895000000000002,0.02173131381210075,1,0.4291799884417745
0.6744999999999999,0.06129641098792001,1,0.7209759942572587
0.817,0.06989992846920519,1,0.755612116830743
0.11950000000000001,0.04227587964785594,0,0.5297712774703562
0.1395,0.04021504693519578,0,0.8172242514446098
0.8385,0.038408983324217265,1,0.6966880906034876
0.9454999999999998,0.01709532099727873,1,0.7465688336547482
0.501,0.06367102951892642,0,0.8446902728832972
0.26499999999999996,0.050447993022517755,0,0.7061390473447122
0.534,0.04442971978304612,0,0.8467955351433138
0.7849999999999999,0.03178049716414139,1,0.4693251680460492
0.9339999999999999,0.01757839583124691,1,0.6475543775673991
0.18250000000000002,0.04797134561381409,0,0.7382433256496362
0.0885,0.02720753572082558,0,0.5121155501546537
0.11300000000000002,0.036687872655688285,0,0.6412387568388884
0.1295,0.05096322203314857,0,0.6289546882697663
0.9595,0.01150000000000001,1,0.5890419737561747
0.8069999999999998,0.035085609585697654,0,0.6793411968525966
0.1895,0.04870574914730292,0,0.6835573874581619
0.1135,0.03130894440890653,0,0.7454225244303769
0.1275,0.062018142506850366,0,0.6385120126974086
0.5449999999999999,0.05399073994677236,0,0.770779671732966
0.084,0.03292415526630865,0,0.8849528752393083
0.924,0.030149626863362654,1,0.5373179583888726
0.9020000000000001,0.021587033144922923,1,0.47749610640147333
0.8860000000000001,0.022226110770892888,1,0.46952792608421456
0.225,0.016733200530681506,0,0.5962507654236153
0.514,0.05936328831862331,1,0.4996014990730279
0.791,0.04948737212663447,0,0.418978932947684
0.13300000000000003,0.054092513345194077,0,0.5767281162774882
0.9544999999999998,0.019032866310674256,1,0.756138285040578
0.19549999999999998,0.03364892271678248,0,0.8762851123905063
0.15199999999999997,0.03355592347112503,0,0.37748668496231613
0.0955,0.014908051515875577,0,0.455145051461597
0.397,0.04905099387372288,0,0.4934152893177304
0.7945,0.054150253923689044,1,0.8782931928369635
0.137,0.027129319932501072,0,0.5571811518381158
0.1585,0.040990852638119156,0,0.7776283625784941
0.8610000000000001,0.03080584360149873,1,0.6741353084870606
0.2695,0.03416504061171302,0,0.7025072960438126
0.095,0.027928480087537885,0,0.6792335211241296
0.24399999999999994,0.048259714048054625,0,0.7625468815109769
0.1,0.015,0,0.5808419894170265
0.21600000000000003,0.05117616632769595,0,0.6836249797754496
0.3494999999999999,0.031340867888429644,1,0.7267806800586505
0.43899999999999995,0.034842502780368684,0,0.8869746926774917
0.29450000000000004,0.0546557407780738,0,0.4857608850465175
0.292,0.03925557285278104,0,0.7153849995368902
0.06050000000000001,0.0315,0,0.6449250340927236
0.052000000000000005,0.028653097563788803,0,0.5389665947438351
0.23349999999999999,0.03924601890638082,0,0.5896069695505126
0.5505,0.029702693480558276,1,0.8271710262402203
0.06700000000000002,0.02063976744055029,0,0.6154682618330157
0.044,0.01772004514666935,0,0.5982283522397609
0.08499999999999999,0.018973665961010275,1,0.5782751428376279
0.048,0.013820274961085255,1,0.5124003602253885
0.11699999999999999,0.04019950248448356,1,0.7278007189815261
0.739,0.06122907805936653,1,0.6345662043483494
0.12150000000000001,0.013973188612482125,0,0.4842295432976199
0.8424999999999999,0.026291633650269805,0,0.6197794129715133
0.866,0.03935733730830887,1,0.7552625964009803
0.49849999999999994,0.052917388446521066,0,0.7186899762377652
0.11400000000000002,0.03382306905057553,0,0.5437261530792727
0.1425,0.030923292192132454,1,0.5818710239029644
0.7065,0.06815607089614248,1,0.5603584073473828
0.0925,0.0250249875124844,1,0.44803916128417365
0.7825000000000001,0.06615323121359983,1,0.637827956924997
0.304,0.050388490749376486,0,0.4408893502903039
0.8324999999999999,0.04734184195825085,1,0.4201879383288306
0.958,0.014352700094407318,1,0.6126656471194117
0.7625,0.048541219597369026,0,0.802300763476087
0.0655,0.01967866865415443,0,0.5868984323970818
0.9015000000000001,0.03347013594235912,1,0.5988858085568574
0.17149999999999999,0.03654107278118692,0,0.4125516281431572
0.13,0.045442271070007055,1,0.4731903833865304
0.8255000000000001,0.050222007128349615,1,0.6526539494853586
0.9465,0.0148408220796558,1,0.8435188490792838
0.9155000000000001,0.025831182706178974,1,0.4337478154741877
0.1295,0.03927149093171788,0,0.6090607719119873
0.8995,0.0298705540624877,1,0.5651290226331327
0.8585,0.05045047076093542,1,0.5116374306472055
0.12,0.02109502310972899,0,0.8826786245638581
0.2865,0.0431885401466639,0,0.5409186316677683
0.11499999999999999,0.034856850115866755,0,0.8037257242155739
0.9019999999999999,0.034292856398964504,1,0.33536136772616404
0.1355,0.030777426793024785,0,0.7578602928088941
0.937,0.024310491562286405,1,0.5234348107093213
0.867,0.030347981810987065,1,0.3953672796156205
0.196,0.041821047332652975,0,0.7204686179467069
0.4795,0.07240338389882064,0,0.6113040907486733
0.06000000000000001,0.015329709716755893,0,0.614284570378342
0.7215,0.08157971561607703,1,0.48938008802509514
0.061,0.02071231517720798,0,0.5145396812913556
0.053000000000000005,0.012083045973594574,0,0.5311592084498655
0.11699999999999999,0.028565713714171395,0,0.4376383126139427
0.3915,0.0295,0,0.8999140216369064
0.18649999999999997,0.051383363066268825,0,0.3969526821646596
0.9344999999999999,0.024026027553467902,1,0.693242165635046
0.2375,0.07580402363990976,0,0.9153157837715414
0.09849999999999999,0.017182840277439583,0,0.8647418841728037
0.2105,0.04513590588434002,0,0.49619861565213513
0.2345,0.037245805132927384,0,0.23702964434101087
0.2655,0.038629651823437396,1,0.4117574378132543
0.1015,0.045002777692049196,0,0.6064342111183012
0.9365,0.01323820229487369,1,0.3793372747748792
0.199,0.04988987873306569,0,0.6398929380245089
0.3705,0.07332973476019124,1,0.6563122533562507
0.8745,0.022186707732333808,1,0.6294177082720629
0.9015000000000001,0.034281919432843914,1,0.5436010900326717
0.12450000000000001,0.0265,0,0.5157282587657497
0.41600000000000004,0.04182104733265297,1,0.5099272275035346
0.7369999999999999,0.05432310742216428,1,0.4481456982489295
0.32999999999999996,0.06465291950097844,0,0.6801878505801934
0.9434999999999999,0.021800229356591615,1,0.6845096427328317
0.937,0.03171750305430739,1,0.780654286950982
0.075,0.008366600265340756,0,0.4862124883496718
0.849,0.04887739763939975,1,0.3428493357142778
0.17,0.05333854141237835,0,0.45114020253967974
0.363,0.06535288822997802,0,0.7761830890201215
0.5655000000000001,0.0709735866361564,1,0.4788356120382635
0.449,0.044429719783046134,1,0.49417226835224115
0.08499999999999999,0.02765863337187866,0,0.7281475123562426
0.378,0.06317436188834832,1,0.43151421444513
0.1045,0.031737202145116696,0,0.6010639798638109
0.2,0.05979130371550699,0,0.30931451874730337
0.1015,0.02579244075305786,0,0.5849108084237729
0.9274999999999999,0.02100595153759999,1,0.39457847115350175
0.16899999999999998,0.05721887800367987,0,0.6346605940900961
0.07099999999999998,0.019595917942265426,0,0.6332366303149825
0.7665,0.03721894678789285,1,0.6914308150872281
0.5844999999999999,0.09231603327699907,1,0.6424832290027911
0.09849999999999999,0.024295061226512683,1,0.539309526586091
0.11050000000000001,0.037111319028027015,0,0.7411355409274365
0.32399999999999995,0.06479969135728966,0,0.5190242418135629
0.077,0.02767670500619609,1,0.597653256310779
0.08249999999999999,0.023690715480964266,0,0.76409656583371
0.177,0.045343136195018535,1,0.9130561908333943
0.094,0.024166091947189144,0,0.5594858534690306
0.22149999999999997,0.06442243398071824,0,0.804170017856777
0.9030000000000001,0.016911534525287753,1,0.8825697217609036
0.8975000000000002,0.030103986446980754,1,0.8255136385582055
0.35150000000000003,0.05320009398487939,1,0.8073682898129977
0.14150000000000001,0.03775248336202534,0,0.5278589865522599
0.0865,0.03138869223143901,0,0.4884554501577615
0.305,0.06308724118235001,0,0.7425347739938029
0.9349999999999999,0.02024845673131656,1,0.6405525813809879
0.11099999999999999,0.02681417535558384,0,0.5116232947829038
0.682,0.056,1,0.73706623121157
0.052500000000000005,0.022164160259301503,0,0.5112111404582829
0.7649999999999999,0.07559761901012492,1,0.5906837835121231
0.1355,0.025144581921360314,0,0.706709498356451
0.8505,0.03197264455749634,1,0.5339225000743089
0.10600000000000001,0.03462657938636157,0,0.6712943649565895
0.578,0.09869650449737316,1,0.5100375695955031
0.0895,0.028674901917879338,1,0.6625973757823871
0.19549999999999998,0.041560197304632715,0,0.7340917044722242
0.27249999999999996,0.05278494103435184,0,0.6702615612900924
0.11699999999999999,0.05706137047074842,0,0.5286993803187001
0.8435,0.0523951333617923,1,0.7098293765638255
0.9344999999999999,0.027060118255469594,1,0.8033421226589383
0.11499999999999999,0.026645825188948456,0,0.7090460632477082
0.7745,0.062106762916770974,1,0.5579374938469216
0.8390000000000001,0.04624932431938871,1,0.4623777990808575
0.7985,0.031388692231438996,1,0.4692405641726638
0.35450000000000004,0.05828593312283848,0,0.8978872062384746
0.7769999999999999,0.02619160170741759,1,0.751496414591059
0.06300000000000001,0.025019992006393606,0,0.698214033367746
0.09000000000000001,0.020248456731316585,0,0.8418020306487041
0.3135,0.05282281703960892,0,0.8194528512809722
0.17650000000000002,0.04701329599166601,0,0.689914739363171
0.1765,0.04177618939060862,0,0.7103223796341963
0.0655,0.019551214796017152,0,0.8343177994019482
0.0995,0.033275366263949675,0,0.7912702039396842
0.723,0.04445222154178575,1,0.8291646346608789
0.2355,0.08298945716173832,0,0.8822663870496101
0.10400000000000001,0.03583294573433783,0,0.6525142233089747
0.44499999999999995,0.062289646009589764,1,0.8185016148227657
0.7045,0.06597158479224217,1,0.46837965757919625
0.95,0.02213594362117864,1,0.6425357376150646
0.7565,0.07648692698755782,1,0.5076709086733877
0.24899999999999994,0.0711617874986288,0,0.6943993724485382
0.1,0.02872281323269015,0,0.5875597572710964
0.09700000000000002,0.025999999999999995,0,0.4014983921975521
0.9029999999999999,0.032341923257592456,1,0.7235096569233206
0.30199999999999994,0.0354400902933387,0,0.4540093379643284
0.7809999999999999,0.0557584074378026,1,0.5645492198624227
0.43949999999999995,0.04513590588434002,1,0.7244177062269908
0.8170000000000002,0.04489988864128729,0,0.42463701821171107
0.134,0.03207802986469088,0,0.7345643759813782
0.4165,0.044331140296635714,1,0.8509679194669683
0.6729999999999999,0.06277738446287802,1,0.6396330168664928
0.8479999999999999,0.0428485705712571,1,0.7107715058796016
0.242,0.03363034344160047,0,0.4150813302434274
0.4445,0.061214785795590275,0,0.6743033130911482
0.1055,0.02893527259246057,0,0.44960305298676556
0.10300000000000001,0.029171904291629643,0,0.8093599024174368
0.1395,0.02241093483101497,0,0.44869219919543024
0.9385,0.022477766792989,1,0.33925382676458116
0.8755000000000001,0.035528157846981066,1,0.29757503915755046
0.269,0.04029888335921976,0,0.8136265080657307
0.12350000000000001,0.02419194080680589,1,0.6906390194421953
0.135,0.0354259791678367,0,0.9036020692880193
0.07749999999999999,0.020155644370746375,0,0.5148003533116835
0.07749999999999999,0.020524375751773793,0,0.5062249529911693
0.891,0.022561028345356976,1,0.7048014458946317
0.95,0.020248456731316575,1,0.5459398972404851
0.9359999999999999,0.018547236990991374,1,0.5666846164158263
0.861,0.03700000000000001,1,0.662394620134538
0.8705,0.027244265451650578,1,0.5812954981440395
0.2785,0.08059311384975766,0,0.8932590889960171
0.17650000000000002,0.030663496212923934,0,0.816701886630068
0.9305,0.02978674201721294,1,0.5410452791071361
0.11000000000000001,0.03866522985836242,0,0.7129506090543298
0.8615,0.04336184959154764,1,0.43850453600239786
0.1265,0.024397745797511704,0,0.5559062109696205
0.3075,0.03400367627183861,0,0.6033786420899756
0.764,0.054534392817743915,0,0.32855080335095127
0.1815,0.030663496212923923,1,0.4954774516157294
0.35050000000000003,0.0583288093483829,0,0.7191168057263609
0.28650000000000003,0.05958397435552617,0,0.8678708401246485
0.10750000000000001,0.032729955698106286,1,0.406384797749748
0.063,0.028653097563788806,0,0.6004714423580084
0.0795,0.029278831943914705,0,0.6574857331467067
0.192,0.04313930922024598,0,0.46749695940671104
0.257,0.043023249528597915,1,0.7964871166547483
0.1285,0.028022312538404107,0,0.441161151488662
0.1125,0.01764227876437735,0,0.4549839985003631
0.10049999999999999,0.03517456467392312,0,0.7413865998491131
0.11299999999999999,0.029257477676655586,1,0.5511482125509508
0.387,0.047233462714478175,0,0.7355769135586929
0.25599999999999995,0.049739320461783545,0,0.5566218886578068
0.11000000000000001,0.03170173496829471,0,0.7133754394246268
0.6010000000000001,0.06999285677838847,1,0.6867066140980632
0.8665,0.045500000000000006,1,0.5382264615776047
0.6880000000000001,0.08096912991998866,1,0.4897329031212707
0.6515,0.08485428686872572,0,0.8423660237498763
0.445,0.04663689526544408,0,0.8001371339301194
0.062,0.019519221295943134,0,0.5575023731617698
0.9145000000000001,0.01903286631067428,1,0.6027688494287459
0.225,0.06244997998398398,0,0.6733791462244396
0.08249999999999999,0.027133927102430268,0,0.7417103967154791
0.6174999999999999,0.053490653389166955,1,0.5046996849361574
0.8825000000000001,0.03970201506221063,1,0.45454113477127583
0.19300000000000003,0.045563142999578074,0,0.606280074310732
0.7150000000000001,0.07883527129400898,1,0.47555847727129197
0.7135,0.07235502746872532,1,0.897216776194833
0.7945,0.05027176145710432,1,0.8430530876213832
0.776,0.04211887937730537,0,0.5790522462561134
0.8889999999999999,0.04048456495999433,1,0.7356565933161946
0.11950000000000001,0.04245291509425471,0,0.6574858473875206
0.14550000000000002,0.04297964634568321,0,0.6651503532294498
0.868,0.03613862199918534,1,0.6664306186265293
0.6665000000000001,0.08339814146610226,1,0.5459341421670922
0.462,0.057192656871315216,0,0.5460542452975913
0.08449999999999999,0.01738533865071371,0,0.6265370895287228
0.5395000000000001,0.03875886995256697,0,0.7842488548381147
0.12900000000000003,0.03726929030716845,0,0.778610086468933
0.9095000000000002,0.031658332236553455,1,0.6003349798373304
0.2655,0.054011572833976985,0,0.3341308370482505
0.3715,0.07249310312022793,0,0.5623790073958123
0.933,0.03399999999999999,1,0.3627265109137048
0.8539999999999999,0.024474476501040857,1,0.4278595317605314
0.8065,0.03962638010214911,1,0.5498268276407831
0.1315,0.03435476677260377,0,0.592264731934556
0.1615,0.032407560846197614,1,0.660034292422731
0.059,0.017435595774162697,0,0.702233521414819
0.073,0.015362291495737215,0,0.46456236079233026
0.1275,0.03480301711058971,0,0.6367591794839391
0.1265,0.0408686921738389,0,0.6158575832422354
0.1125,0.03855191305240247,0,0.7993815128524789
0.9315000000000001,0.031308944408906525,1,0.7370820521044221
0.7909999999999998,0.0453762052181537,1,0.4273027562920376
0.9060000000000002,0.02142428528562855,1,0.5494744396807488
0.9055000000000002,0.023711811402758756,1,0.6475575227020038
0.8789999999999999,0.03916631205513229,0,0.37189951318939635
0.093,0.03370459909270543,0,0.7483783538419604
0.19949999999999998,0.05524717187331855,0,0.6352247608598944
0.09849999999999999,0.02214158982548453,0,0.5022742535602058
0.9259999999999999,0.023430749027719952,1,0.48127032221322075
0.149,0.033,0,0.5572764952852781
0.29100000000000004,0.09451983918733675,0,0.6095906848299876
0.12100000000000002,0.03519943181359609,0,0.7710418121706426
0.25600000000000006,0.049284886121406433,0,0.8422530294599362
0.061,0.013747727084867522,0,0.4929892035329422
0.19449999999999998,0.044410021391573316,0,0.39452470915064397
0.7765,0.052490475326481836,1,0.6243156283024653
0.23749999999999996,0.02839454172900137,0,0.536959547909635
0.11599999999999999,0.027276363393971714,0,0.7290460574611703
0.8620000000000001,0.05473572873361603,1,0.6831764407572081
0.10299999999999998,0.023366642891095843,0,0.9152530968864814
0.149,0.04482186966202994,0,0.7833970842659972
0.8039999999999999,0.037403208418530086,1,0.7241408980006123
0.884,0.03360059523282292,1,0.5837214456801797
0.24250000000000002,0.047867003248584505,1,0.7276745492515035
0.0965,0.026272609310839305,0,0.7894482043986366
0.34550000000000003,0.08486607095889381,0,0.4940867917766505
0.8710000000000001,0.04651881339845205,0,0.3026177641935208
0.25100000000000006,0.03839270764090493,1,0.5338404466747426
0.8345,0.04245291509425471,1,0.7409155077160423
0.09,0.02302172886644268,1,0.5818846644485927
0.3195,0.08004529967462175,0,0.7316067078603479
0.144,0.04694677837722201,1,0.7097116218717603
0.11199999999999999,0.02293468988235943,0,0.7148358143935318
0.328,0.042731721238442995,0,0.6881964475757866
0.07500000000000001,0.02863564212655271,0,0.5084415413970634
0.196,0.05782732917920385,0,0.38383032368744896
0.08949999999999998,0.024944939366532845,0,0.646584808574477
0.925,0.01581138830084187,1,0.39864619222968756
0.834,0.051565492337414955,1,0.3816359702505828
0.051000000000000004,0.017,0,0.6330244976813809
0.9049999999999999,0.027658633371878665,1,0.7632078921915949
0.14900000000000002,0.036932370625238777,1,0.8393695967127835
0.1325,0.029090376415577705,1,0.7699279192319985
0.126,0.03056141357987225,0,0.63727508850487
0.9334999999999999,0.02500499950009995,1,0.3653648009819396
0.26899999999999996,0.03144837038703278,1,0.677325456813452
0.7740000000000001,0.07217340230306456,1,0.5505026628872396
0.7415,0.07460060321471935,1,0.6043835257842379
0.45599999999999996,0.07876547467006087,0,0.7613806328397417
0.5605,0.07773191107904141,0,0.7940382206515284
0.9184999999999999,0.023243278598338902,1,0.6689262188127111
0.14300000000000002,0.03809199390948182,0,0.3511836222353743
0.177,0.04749736834815167,0,0.6307780176499316
0.231,0.036660605559646724,1,0.2556913811749605
0.19249999999999998,0.024520399670478456,0,0.5071254425900413
0.10699999999999998,0.030675723300355933,0,0.8095505028052188
0.4095,0.06623631934218568,0,0.44796370610456665
0.11000000000000001,0.029495762407505254,0,0.625730824520699
0.163,0.026286878856189827,0,0.42643250132392013
0.34450000000000003,0.05140282093426391,1,0.6023719696145984
0.8965,0.022028390771910707,1,0.6613902381086885
0.10650000000000001,0.03464462440264001,0,0.6507023334068135
0.6755000000000001,0.08329015548070492,1,0.5367115412002575
0.4805,0.038173943993252794,0,0.6090197613316829
0.1365,0.03225290684574028,0,0.734912829246615
0.45149999999999996,0.05722979992975689,0,0.6463780133415523
0.875,0.03840572873934305,0,0.5415660494136909
0.20299999999999999,0.052115256883181534,0,0.864612644452509
0.1415,0.0405,0,0.7486955143894793
0.2265,0.04455614435742841,0,0.8024362704897061
0.1125,0.03802959373961284,0,0.39035829803580097
0.2665,0.05357471418495856,0,0.7777795142170594
0.20250000000000004,0.06245998719180144,0,0.38053901296962656
0.4740000000000001,0.0744244583453585,0,0.5530384922154519
0.2085,0.036609425015970955,0,0.49981371302512184
0.734,0.05544366510251645,1,0.5617616082072677
0.1875,0.03400367627183861,0,0.7920607063942721
0.8390000000000001,0.04537620521815371,1,0.6811634949005564
0.8945000000000001,0.03636275567115343,1,0.5540667034406066
0.8880000000000001,0.06197580172938467,1,0.4976962665881377
0.6584999999999999,0.07099471811339207,1,0.3515755043501968
0.1955,0.04162030754331352,0,0.37201376934865205
0.0695,0.01967866865415443,0,0.6043359616578001
0.15699999999999997,0.05541660400998964,0,0.4031085805672217
0.07150000000000001,0.023774986855937482,0,0.5524370675830995
0.20049999999999998,0.031020154738492196,0,0.8332118077233127
0.172,0.03210918871600465,0,0.7227364390407001
0.754,0.05453439281774393,1,0.5816292888334733
0.20250000000000004,0.043257947246719886,0,0.6801037826008671
0.9535,0.02269911892563231,1,0.5740580762508984
0.7130000000000001,0.04659399102888698,1,0.6159174510572868
0.7710000000000001,0.04054626986542659,1,0.7361267712987686
0.25450000000000006,0.06162183054729874,0,0.7776552931169414
0.9630000000000001,0.011874342087037902,1,0.5857196089678129
0.8535,0.019880895352071035,1,0.5856193649355583
0.356,0.04887739763939976,0,0.6159695676544265
0.238,0.04670117771534247,1,0.635929840580344
0.7515000000000001,0.048685213360937424,1,0.5315933940417199
0.1365,0.029159046623646667,0,0.5410588295959773
0.7529999999999999,0.08562125904236635,0,0.688974983046399
0.6505000000000001,0.0705496279224774,0,0.6907984431683024
0.1935,0.038474017206421275,0,0.3541919492190022
0.09649999999999999,0.023135470602518547,0,0.7178680291259629
0.8425,0.025322914524201195,1,0.7311482499730829
0.808,0.030265491900843093,1,0.4391325486818052
0.0885,0.023457408211479798,0,0.6637802907301997
0.49800000000000005,0.08246817568007674,0,0.8004984203133546
0.6054999999999999,0.0835598587839879,1,0.5325370971586391
0.704,0.05276362383309168,1,0.8015398318352239
0.21549999999999997,0.05303065151400651,1,0.882395894503697
0.43200000000000005,0.07197916365171242,1,0.3851248947929173
0.1385,0.043706406853000396,0,0.8283138394369851
0.33999999999999997,0.0648459713474939,1,0.8280219928205981
0.04850000000000001,0.01659066002303706,0,0.5860546294005731
0.8805,0.041620307543313535,1,0.4593668009414946
0.1655,0.051983170353490364,0,0.4266501599963893
0.9490000000000001,0.01240967364599083,1,0.4597453576200484
0.191,0.07388504584826351,0,0.7778688593891577
0.8345,0.03636275567115341,1,0.5228549126145288
0.101,0.02879236009777594,0,0.6563994273704093
0.784,0.03469870314579493,1,0.54482462290804
0.41999999999999993,0.05920304046246273,1,0.5346369340867185
0.3025,0.06993747207327414,1,0.8105035327185436
0.2045,0.053872534746380735,0,0.5369130573357961
0.267,0.04267317658670374,1,0.7399237687017437
0.7725000000000002,0.07145802963978226,1,0.6727174631953444
0.13199999999999998,0.03272613634390715,0,0.6150945131817482
0.28900000000000003,0.044090815370097215,0,0.6824432700950294
0.875,0.03535533905932741,1,0.47242134338851116
0.11599999999999999,0.020099751242241785,0,0.44283369966219466
0.123,0.023366642891095846,1,0.700941493985654
0.6315000000000001,0.035780581325629696,1,0.8584719137234542
0.404,0.05489990892524322,0,0.7159508202887144
0.389,0.05535341001239219,1,0.5025658858553392
0.6245,0.07281655031653175,1,0.5140561721012602
0.8545,0.02173131381210073,1,0.4796200681672669
0.14899999999999997,0.062441973062996654,0,0.890901783451787
0.07550000000000001,0.02769927796892908,0,0.5834155411700489
0.16749999999999998,0.03709784360309909,0,0.5520470603753169
0.16599999999999998,0.02211334438749598,0,0.7314943394053636
0.8459999999999999,0.04993996395673509,1,0.5621421948399357
0.08600000000000001,0.03477067730142742,0,0.4451683958116189
0.1555,0.03251538097577822,0,0.46300930458151957
0.418,0.07762731478030138,0,0.5562945836843259
0.095,0.033763886032268264,0,0.5785482098816503
0.1565,0.038990383429763804,0,0.6914579817276323
0.22599999999999998,0.02930870177950568,0,0.563305764284239
0.12450000000000001,0.03587826640182048,0,0.43861185083752546
0.25749999999999995,0.06337389052283282,1,0.40980586890749315
0.2625,0.057760280470233176,0,0.5171374420373652
0.127,0.026000000000000002,1,0.5532757075201254
0.9009999999999998,0.03411744421846397,1,0.5743858114365237
0.173,0.030838287890218544,0,0.7443213552597383
0.469,0.04554119014694281,0,0.6175583602678072
0.9475000000000001,0.018062391868188418,1,0.5053570274703122
0.12450000000000003,0.03587826640182047,0,0.39070624060049547
0.1895,0.04916553671017941,0,0.5944718392645426
0.731,0.07512655988397181,1,0.7755958233710374
0.1885,0.042429353047153576,0,0.6722627496491476
0.483,0.07211795892841116,1,0.7600259993015936
0.9119999999999999,0.026095976701399785,0,0.4186215422376204
0.14049999999999999,0.019931131427994745,0,0.6961671758273564
0.09949999999999999,0.019805302320338357,0,0.573201123729564
0.874,0.02244994432064367,1,0.7128291353296841
0.22950000000000004,0.03467347689517161,0,0.3409544844523125
0.5925,0.05710735504293646,1,0.8216528025293849
0.43549999999999994,0.09443119188064926,1,0.40641481379692374
0.45299999999999996,0.05148786264742401,0,0.7499791560812684
0.2045,0.021846052274953478,0,0.7161340934038619
0.5865,0.10674853628973092,1,0.8431363303206162
0.146,0.04543126676640219,0,0.6378730265766546
0.8620000000000001,0.037629775444453575,1,0.5484801021452075
0.2565,0.05403933752369657,0,0.27878004471568907
0.7879999999999999,0.04864154602806122,1,0.8375981343629393
0.1065,0.03286715685908959,0,0.643739891752463
0.8480000000000001,0.03641428291206624,1,0.6349794420508986
0.28700000000000003,0.04702127178203498,0,0.7340137432587854
0.09,0.025787593916455253,0,0.5223149594700736
0.3055,0.05382610890636625,0,0.3916293782769434
0.3350000000000001,0.07123903424387504,0,0.5980542863823517
0.1145,0.027152347964770927,0,0.8520601060240728
0.3935,0.06656012319700137,0,0.5099254073446673
0.8540000000000001,0.030967725134404035,1,0.8128295296965217
0.366,0.037735924528226425,0,0.8142431764348684
0.7234999999999999,0.055993303171004316,1,0.5690464104328751
0.10099999999999998,0.024062418831031933,0,0.6395746869398833
0.0815,0.015173990905493517,0,0.6188109330977204
0.858,0.024310491562286457,1,0.8171910865327172
0.15400000000000003,0.05023942674832188,0,0.6447800507230198
0.20949999999999996,0.04027716474629265,0,0.7246310590458439
0.156,0.028089143810376277,0,0.5203066564431451
0.367,0.04160528812542944,1,0.3489518541737792
0.3285,0.06484789896365187,0,0.5529088901124154
0.135,0.029916550603303185,0,0.49932010476656996
0.211,0.051078371156488535,0,0.6650624135552525
0.2285,0.054865745233250954,0,0.6260872253481872
0.313,0.045066617356975,0,0.29258990308460964
0.9455,0.021029740844813065,1,0.5081745765353008
0.35,0.0732120208708925,0,0.5342768194533349
0.8549999999999999,0.059833101206606384,0,0.6217763105600033
0.399,0.029308701779505692,0,0.5414781983523098
0.7999999999999999,0.0506951674225463,1,0.836516178866871
0.7265,0.03834383914007568,1,0.550380426268467
0.25199999999999995,0.053160135440008055,0,0.5771223318583107
0.825,0.030083217912982633,1,0.6690696314017993
0.048,0.018466185312619385,0,0.6268390605803138
0.46299999999999997,0.035369478367654784,1,0.6406238963851633
0.196,0.047686476070265466,0,0.7940686290393226
0.06100000000000002,0.015132745950421555,0,0.47937404949652657
0.049,0.00888819441731559,0,0.5755514658522185
0.22200000000000003,0.0501098792654702,0,0.46511466948036334
0.5080000000000001,0.054644304369257,0,0.688921019708506
0.10300000000000001,0.028390139133156776,1,0.7819818356279908
0.368,0.05736723803705386,1,0.622935670950158
0.6130000000000001,0.0701141925718324,1,0.5775772753587008
0.5865000000000001,0.07238957107208191,0,0.5328146501820551
0.3015,0.0580538543078752,1,0.4395235294247865
0.5599999999999999,0.04230839160261236,1,0.5124913710736154
0.4305,0.04590479277809671,0,0.7147762833342236
0.12450000000000001,0.03181587653986606,0,0.6848164470605218
0.0905,0.025342651794948375,0,0.7455238647590845
0.1945,0.037646380968162134,0,0.49649396202408996
0.172,0.03988734135035826,0,0.6824954155700853
0.194,0.04657252408878007,0,0.6937448711707579
0.7545,0.05265216044950104,0,0.6428288735805034
0.10350000000000001,0.028552583070538467,0,0.8623281565073951
0.8685,0.04318854014666392,1,0.6732447388359614
0.35,0.08321658488546621,0,0.4405739021304314
0.1165,0.018848076824970764,0,0.46426024551873585
0.8105,0.06600946901770988,1,0.6639842311673037
0.15799999999999997,0.06384355879804948,0,0.9396469686637214
0.06450000000000002,0.03438386249390839,0,0.43905313980305455
0.503,0.050159744815937816,1,0.7414646178439643
0.8530000000000001,0.017776388834631195,1,0.7503108543914431
0.932,0.021587033144922874,1,0.6396261097955785
0.14699999999999996,0.036069377593742874,0,0.5475963213748472
0.223,0.056665686266028754,0,0.7519684906863834
0.084,0.028000000000000004,0,0.8053185153376449
0.08200000000000002,0.0272213151776324,0,0.6210418792128924
0.49799999999999994,0.08249848483457135,1,0.3177286947627097
0.164,0.027910571473905722,0,0.5672614642754743
0.4080000000000001,0.07756287771866127,1,0.7475620283518288
0.9029999999999999,0.026381811916545827,1,0.2918475291893701
0.7905,0.048551519028759545,0,0.6009739470741493
0.932,0.032802438933713436,1,0.7340549824213976
0.282,0.06423394741100691,1,0.6435022780997082
0.1015,0.030907118921051184,0,0.7732201650825596
0.3395,0.05632273075766124,0,0.8828611025756417
0.09399999999999999,0.016703293088490067,0,0.8459264677129552
0.08199999999999999,0.028565713714171402,0,0.7465607075467297
0.7669999999999999,0.0849764673306675,1,0.3621937108523797
0.15299999999999997,0.030919249667480615,0,0.678438353586007
0.31500000000000006,0.021908902300206645,0,0.6264019124436163
0.1495,0.023711811402758753,0,0.49298503612521133
0.23249999999999998,0.029090376415577716,0,0.6365616183448342
0.1775,0.030598202561588482,0,0.7346985152423253
0.27899999999999997,0.043405068828421406,0,0.48604988073098165
0.8899999999999999,0.035496478698597726,1,0.714058561992702
0.1265,0.046316843588483016,1,0.46420219333167834
0.17099999999999999,0.049234134500364686,1,0.4458144695541437
0.906,0.03080584360149874,1,0.8094683288496334
0.8835,0.026272609310839325,1,0.5221189504164888
0.9075000000000001,0.03348507130050644,1,0.5934964791456301
0.1745,0.03996561021678513,0,0.8233053956921008
0.8795,0.026119915773217976,1,0.7083658670236856
0.4875,0.0688930330294726,1,0.9215853832946971
0.5275000000000001,0.08370334521391601,1,0.6268074008469698
0.32300000000000006,0.03802630668366309,0,0.7014607443525177
0.172,0.046270941205037094,0,0.7419462626950709
0.32799999999999996,0.05582114294781145,0,0.6405886416456109
0.09050000000000001,0.029870554062487693,0,0.5503888606839205
0.6615000000000001,0.08006403687049511,0,0.3708715390694183
0.34550000000000003,0.04309582346353299,0,0.8076245701256644
0.4545,0.06758143236126325,0,0.5565148907718399
0.46399999999999997,0.11228980363327742,1,0.6667920273493384
0.3165,0.06473214039408862,0,0.5592755959954042
0.9119999999999999,0.02501999200639361,1,0.5246054899251636
0.5215000000000001,0.08396576683387105,1,0.8211660422577636
0.5900000000000001,0.10993179703798169,1,0.6416792009807012
0.592,0.05992495306631456,0,0.47478649279541957
0.17099999999999999,0.03519943181359608,0,0.8043694145539175
0.22899999999999995,0.043462627624201465,0,0.5984340353481189
0.881,0.022113344387496,1,0.6901610625661436
0.34550000000000003,0.04644620544242555,0,0.7462769763865227
0.231,0.0563382640840131,0,0.6172942747697878
0.866,0.040174618853201345,1,0.556496555409908
0.11750000000000001,0.03422352991729521,0,0.5226197706260278
0.8860000000000001,0.021071307505705496,1,0.7601383922900121
0.09199999999999998,0.026095976701399775,0,0.7378647132009227
0.8174999999999999,0.040388736053508775,1,0.8708764827209822
0.25249999999999995,0.048798053239857836,0,0.489089836578162
0.175,0.0774919350642375,0,0.6312934615543443
0.8265,0.03741991448413531,1,0.7729444054363844
0.8780000000000001,0.025019992006393633,1,0.48252525819667824
0.8939999999999999,0.03039736830714133,1,0.6195301621380067
0.3935,0.042193008899579554,1,0.38104873982780696
0.413,0.0577148161220323,1,0.4725749890466795
0.607,0.09000555538409837,0,0.66982778033729
0.0905,0.023606143268225754,0,0.8145272725346842
0.3325,0.0573258231515257,0,0.6947389207321246
0.8504999999999999,0.038629651823437375,0,0.40423686719477864
0.7775000000000001,0.05577858011817799,1,0.8650283400205179
0.1805,0.02173131381210073,1,0.6518796525419324
0.914,0.03207802986469087,1,0.6327976347409054
0.572,0.0711055553385247,1,0.7316110592834334
0.42700000000000005,0.06860029154457,0,0.615149919848034
0.465,0.10670051546267245,1,0.6567941412438488
0.8495000000000001,0.024129857024027326,1,0.5108435589878133
0.386,0.07258787777583803,1,0.41591316051358296
0.29450000000000004,0.04745787605866912,0,0.4282150973445703
0.9179999999999999,0.017492855684535888,1,0.5292092109912776
0.1815,0.04934825224868658,0,0.7096695255412244
0.631,0.08008745220070372,1,0.7750172657103891
0.53,0.050793700396801165,1,0.5706386287857004
0.08099999999999999,0.020346989949375806,0,0.5804531326074402
0.08349999999999999,0.027390691849604677,0,0.5245898507569017
0.9179999999999998,0.039,1,0.6411343881891671
0.9075000000000001,0.03180015723231569,1,0.5515363775767689
0.09299999999999999,0.01734935157289747,0,0.8338040255899616
0.146,0.037336309405188936,0,0.4951805884311972
0.144,0.03215587038162706,0,0.5499084046577076
0.392,0.05814636704042652,1,0.7971411022548727
0.2285,0.054774537880296154,1,0.6523541912844426
0.20149999999999996,0.08273602601043878,0,0.516531224325533
0.19949999999999998,0.05968458762528229,0,0.7674599944087104
0.18250000000000002,0.04518019477602991,0,0.4874502924457492
0.9344999999999999,0.03028613544181559,1,0.5550866353218717
0.857,0.042023802778901394,1,0.8158882664882251
0.5349999999999999,0.0643816744112795,0,0.6463240440540335
0.5054999999999998,0.048859492424707,1,0.49707915062936947
0.9279999999999999,0.023259406699225986,1,0.3548667212122374
0.069,0.02576819745345025,0,0.4708124827328961
0.9650000000000001,0.017175564037317664,1,0.6841721760257402
0.38849999999999996,0.05835451996203893,0,0.3583973628929751
0.098,0.026286878856189834,0,0.5952369208553249
0.8865000000000001,0.02793295544692687,1,0.4448550543059933
0.095,0.02863564212655271,0,0.8009718632289246
0.12600000000000003,0.04042276586281547,0,0.4051063090893614
0.15900000000000003,0.025278449319529075,0,0.6656644863080762
0.8255000000000001,0.04378641341786286,1,0.8279719333697009
0.7825,0.040264748850576466,1,0.5475399707898507
0.119,0.03215587038162705,0,0.6249356796176884
0.9665000000000001,0.011842719282327021,1,0.6139593861558156
0.12150000000000001,0.023243278598338916,0,0.8124152734194378
0.5375,0.07420411039827914,0,0.41999951026739957
0.8365,0.026081602711489932,1,0.7673939475200587
0.18750000000000003,0.07149300665100049,0,0.6336741672423425
0.155,0.03905124837953327,0,0.38179104856927976
0.2485,0.0637985109544102,0,0.45958914986708166
0.9295000000000002,0.022073740054644096,1,0.5072939426891274
0.073,0.0298496231131986,1,0.7588952803080687
0.11100000000000002,0.03064310689208912,0,0.6790302577171072
0.133,0.03363034344160047,0,0.6239723676025367
0.6445,0.06791354798565602,1,0.9213415870148622
0.14750000000000002,0.053677276383959714,0,0.29603454967174336
0.10799999999999998,0.018193405398660257,0,0.4779926760495482
0.9120000000000001,0.025219040425836968,1,0.8100062222922837
0.5319999999999999,0.04561797891182816,1,0.6855740639651158
0.16799999999999998,0.03867815921162743,0,0.6251316574891732
0.33199999999999996,0.05788782255362522,1,0.2778097202387898
0.15050000000000002,0.03467347689517162,0,0.8453104421763642
0.8469999999999999,0.06337191807101945,1,0.6166874294482148
0.1255,0.02961840643923977,0,0.5541654235525577
0.205,0.03619392214170771,0,0.5023385544154156
0.14899999999999997,0.04437341546466758,0,0.566251206273766
0.0885,0.013793114224133724,0,0.43813265673625346
0.1075,0.030434355587066402,1,0.6243267903431596
0.137,0.027676705006196095,0,0.7065360038827464
0.0995,0.03243840316661719,0,0.9118847525420457
0.48150000000000015,0.06426702109169212,1,0.8229633054148686
0.15250000000000002,0.03473110997362452,0,0.41726379878875464
0.9395,0.022186707732333767,1,0.7117999944714459
0.0635,0.015500000000000002,0,0.5083412852884945
0.1605,0.0386943148278917,0,0.5895215372115723
0.12899999999999998,0.033451457367355455,0,0.4681773757680455
0.262,0.060506198029623384,0,0.6833044389630758
0.8935000000000001,0.032407560846197614,1,0.7862095847709979
0.1045,0.030368569278120434,0,0.4450798671368053
0.20800000000000002,0.05264028875300743,0,0.5742071345694372
0.16999999999999998,0.04801041553663122,0,0.6426624998464916
0.43500000000000005,0.057662812973353995,1,0.7102063181213311
0.6295,0.060433848131655483,1,0.6373026263779116
0.08399999999999999,0.0266270539113887,0,0.4615977785421247
0.7795,0.06353935788155243,1,0.43861922404216536
0.10700000000000001,0.041303752856126766,0,0.618392089324416
0.7930000000000001,0.06046486583132389,1,0.3303978289704726
0.317,0.046108567533594005,0,0.7539361485422014
0.16799999999999998,0.026570660511172843,1,0.47828600660461096
0.9019999999999999,0.038026306683663094,1,0.5309611159686729
0.2825,0.053443895816079875,0,0.6443193703106214
0.1275,0.02685609800399157,0,0.7125627395106918
0.273,0.034219877264537346,0,0.5231322958733642
0.244,0.0563382640840131,0,0.6336750225806346
0.9135,0.021800229356591642,1,0.5746231253861137
0.28400000000000003,0.06155485358604957,0,0.6152810792786951
0.10049999999999999,0.03274522866006588,1,0.4408896395411504
0.0955,0.022852789764052875,0,0.5682527635391876
0.3065,0.041415576779757636,0,0.6945052422177967
0.438,0.07500666637039669,1,0.41103664661629624
0.0745,0.025044959572736388,0,0.6550562977507141
0.8200000000000001,0.03263433774416143,1,0.44040497331743894
0.6614999999999999,0.07924802836664141,1,0.30618519181951187
0.739,0.07977468270071653,1,0.7457290730780186
0.133,0.05268775948927796,0,0.7986663266446228
0.8790000000000001,0.03555277766926237,1,0.3064941100921538
0.21749999999999997,0.05414101956926928,0,0.50369312663546
0.884,0.029647934160747184,1,0.5935592617149472
0.3045,0.07938671173439545,0,0.7507016294483119
0.10299999999999998,0.022715633383201095,1,0.6133209799901016
0.8915,0.026081602711489973,1,0.6983179882464341
0.154,0.05048762224545736,0,0.6886939816309057
0.184,0.03374907406137241,0,0.8074381778919818
0.334,0.06315853069855251,0,0.6988667936286395
0.40149999999999997,0.04283981792678396,0,0.4502470820963942
0.17600000000000002,0.05589275444992848,0,0.46912583242311656
0.784,0.05651548460377916,1,0.5822563269799813
0.16849999999999998,0.04289813515760329,0,0.5852347148053877
0.7569999999999999,0.07426977851050857,0,0.6935526703509868
0.6219999999999999,0.1004290794541103,0,0.5891453180740013
0.908,0.03515679166249389,1,0.5342955942931138
0.05600000000000001,0.01972308292331602,0,0.4919595128606733
0.20949999999999996,0.040462946012370375,0,0.7347262173261009
0.257,0.07110555533852471,0,0.3740116410559805
0.10800000000000001,0.024919871588754222,0,0.4744627488762305
0.24949999999999997,0.029870554062487696,0,0.67970195649781
0.547,0.06830812543175226,0,0.5515703322337338
0.30300000000000005,0.06466065264130884,1,0.36602843514385414
0.0695,0.022961925006410068,0,0.5609121894935718
0.9099999999999999,0.029664793948382638,1,0.7618593511833516
0.9105000000000001,0.012737739202857009,0,0.8254915979830165
0.8045,0.05832880934838288,1,0.4673652958514919
0.081,0.03397057550292606,0,0.3369352496196587
0.177,0.05648893696999441,0,0.6955989856831625
0.806,0.040975602497095746,1,0.7148947238068117
0.8755000000000001,0.036908671067921166,1,0.548490151924615
0.10999999999999999,0.03521363372331802,0,0.5440685723634102
0.825,0.056080299571239806,1,0.6327534819573617
0.10500000000000001,0.0324037034920393,0,0.6878057205442122
0.898,0.021817424229271448,1,0.773833357314548
0.221,0.04397726685459205,1,0.5049196635234509
0.231,0.032465366161495854,0,0.3490638477439927
0.119,0.04794788837894741,0,0.6607433604010066
0.5015,0.0827058039075856,0,0.8085256454608591
0.199,0.04454211490264017,1,0.7428928614302952
0.17350000000000004,0.03514612354157994,0,0.696364469027979
0.144,0.02576819745345025,0,0.45279455723501905
0.794,0.05304714883949938,1,0.6697787403764626
0.79,0.05848076606885379,1,0.7979147100150319
0.32299999999999995,0.0773692445355388,0,0.5098883404073649
0.579,0.04983974317750843,1,0.6274916954766159
0.189,0.03858756276314948,0,0.2651796659496052
0.5565,0.04231134599608006,0,0.36414524639429424
0.4879999999999999,0.08283115355951529,0,0.9237197692849768
0.08050000000000002,0.028587584717845612,0,0.3862820733354192
0.0935,0.04000312487793923,0,0.5837735462640717
0.196,0.04504442251822082,1,0.5071487270975168
0.1275,0.016918924315688633,0,0.5039354236699783
0.7550000000000001,0.05059644256269407,1,0.5864950747249382
0.8474999999999999,0.02216416025930152,1,0.6132395609297091
0.5855,0.04957065664281642,0,0.3617329278419964
0.8805,0.029533878851244744,1,0.7072368028060056
0.10300000000000001,0.03414674215792775,0,0.47208574783663637
0.1165,0.03892621224830384,1,0.3889034536781011
0.14500000000000002,0.036469165057620934,0,0.6375633207528107
0.41950000000000004,0.04168033109273485,0,0.7459065835286212
0.14300000000000002,0.05325410782277738,0,0.635879077160445
0.151,0.03793415347678132,0,0.7064161770796197
0.10800000000000001,0.036482872693909395,0,0.4989060089440536
0.8875,0.04232316150761899,1,0.6092813376229721
0.191,0.040049968789001564,0,0.7626789692059817
0.11599999999999999,0.027820855486487113,0,0.5119000455315591
0.5549999999999999,0.06859300255857007,0,0.5243797964565936
0.9180000000000001,0.027586228448267445,1,0.5264759533122179
0.16999999999999998,0.024999999999999994,0,0.30003709630267267
0.0785,0.027115493725912498,0,0.39084497830460835
0.31250000000000006,0.06907423542826949,0,0.6720132217547531
0.391,0.044429719783046114,1,0.7437976058923456
0.9025000000000001,0.03675935255142561,1,0.6270562449482314
0.5650000000000002,0.068044103344816,1,0.7477667381977872
0.3,0.0558121850495033,0,0.6672973563413525
0.2645,0.06702424934305494,1,0.5826748867251994
0.7904999999999999,0.04027716474629265,0,0.5306869682491246
0.2375,0.05311544031635246,1,0.5869536608796675
0.12350000000000001,0.025985572920372565,1,0.6681100119226977
0.25250000000000006,0.05046038049797088,0,0.6704513947653452
0.9095000000000001,0.02936409372005203,1,0.6549972080148403
0.19849999999999998,0.022366269246345043,0,0.744351502951142
0.3355,0.042979646345683215,1,0.6179431402597898
0.932,0.02063976744055027,1,0.6161214800438469
0.8539999999999999,0.031448370387032784,1,0.565817719452649
0.088,0.025317977802344325,0,0.6074286219736509
0.915,0.03924283374069716,1,0.8277861756359052
0.38,0.05830951894845301,0,0.550421392257774
0.05900000000000001,0.01997498435543818,0,0.6653120177604387
0.1475,0.026004807247891688,0,0.5777499724875294
0.8835000000000001,0.0398151981032369,1,0.46324850521637817
0.385,0.08616843969807042,0,0.43845707931294886
0.9025000000000001,0.030186917696247154,1,0.8385064173091689
0.20599999999999996,0.06402343321003647,0,0.38114651944782674
0.6605000000000001,0.037312866413611256,1,0.7047124657284732
0.11500000000000002,0.027110883423451918,0,0.3803286099311326
0.9490000000000002,0.018275666882497047,1,0.4596191521334574
0.7674999999999998,0.028657459761814198,1,0.33888827969993385
0.9215,0.023669600757089237,1,0.7418818386876264
0.16699999999999998,0.04249705872175155,0,0.6240174317098827
0.0645,0.02583118270617898,0,0.37534077652035414
0.16949999999999998,0.040401113846031525,0,0.47221856939053125
0.20350000000000001,0.08191611563056442,0,0.6254221128931221
0.127,0.027129319932501075,0,0.2446246968983693
0.14250000000000002,0.020886598574205426,0,0.6649017375652927
0.2585,0.049701609631882145,0,0.6907689436364649
0.41950000000000004,0.08268766534375002,0,0.8186173401761943
0.404,0.06606057825965497,1,0.7644703736292289
0.06000000000000001,0.029154759474226504,0,0.776983786187473
0.1755,0.018364367672206956,1,0.6844505303033566
0.3765,0.050499999999999996,0,0.6315350547006204
0.5245,0.05641143501099756,1,0.5607839746849677
0.211,0.04328972164382672,0,0.5068780737446227
0.4665,0.08124192267542663,1,0.8390274174540001
0.558,0.045836666545463346,1,0.7042710682939287
0.7224999999999999,0.058277354092305854,1,0.584716677691514
0.4485,0.08803550420143001,0,0.3419059447191457
0.2385,0.05540983667184013,0,0.5537461426100683
0.1835,0.03788469347902923,0,0.7214668967744019
0.0975,0.02666927070618918,0,0.7517377506961433
0.8665,0.02180022935659166,1,0.4445880131214788
0.11950000000000001,0.03335041229130459,0,0.7906501407199197
0.119,0.03845776904605882,0,0.4753565068725029
0.49800000000000005,0.05732364259186607,1,0.8896804919409373
0.8119999999999999,0.042201895692018376,1,0.46165890434377743
0.1555,0.04344249072049161,0,0.8140695701755254
0.0765,0.020621590627301283,0,0.508017688165061
0.3960000000000001,0.07670723564306042,1,0.41767673739105615
0.462,0.06063002556489648,0,0.843375241478793
0.5355000000000001,0.06638712224520658,1,0.7148538408514856
0.8705000000000002,0.03566861365402362,1,0.709818738436417
0.265,0.05941380311005179,0,0.6935028868678437
0.12250000000000001,0.026762847382145273,0,0.38935400665517284
0.8234999999999999,0.04086869217383888,1,0.6419142628888308
0.8215000000000001,0.03987793876318082,1,0.22825464303692822
0.046,0.008888194417315589,1,0.5706416365345933
0.20650000000000004,0.03286715685908959,0,0.6424135401600222
0.2085,0.03248461174156157,0,0.469431878059664
0.27649999999999997,0.03860375629391523,0,0.7393541317017543
0.08149999999999999,0.026556543449779,0,0.9266752699355405
0.7545,0.056500000000000015,1,0.812485011615263
0.7679999999999999,0.07527283706623525,1,0.70757633219948
0.1465,0.030663496212923923,0,0.5237804568992301
0.8819999999999999,0.04118252056394802,1,0.4826869230440809
0.9075000000000001,0.03829164399709158,0,0.8388716108632952
0.8734999999999999,0.03681372026839992,0,0.5643796554802977
0.908,0.02675817632051931,1,0.43102539018333125
0.145,0.03774917217635375,0,0.6681312846141634
0.123,0.028213471959331767,0,0.7766053339044954
0.514,0.04459820624195552,0,0.4834623726593458
0.9404999999999999,0.019678668654154397,1,0.4979295896712367
0.4305,0.07128990110808121,0,0.6322302852256148
0.24749999999999997,0.06423589339302443,0,0.5477073575327787
0.18500000000000003,0.06719374970932937,0,0.8709250622404858
0.10200000000000001,0.02628687885618983,0,0.30474801735101137
0.16249999999999998,0.049053542175871455,1,0.4120676745954452
0.10500000000000001,0.023664319132398463,0,0.6915309623991934
0.8345,0.038694314827891714,0,0.5788962269129526
0.9280000000000002,0.024617067250182315,1,0.7887788879152605
0.881,0.04846648326421054,1,0.6742612791369507
0.20249999999999999,0.06485560885536425,0,0.6239350109093156
0.36249999999999993,0.0573258231515257,0,0.4003218467168809
0.8345,0.033275366263949675,0,0.6585723209409333
0.9285000000000002,0.012257650672131252,1,0.6161961001834452
0.13000000000000003,0.027294688127912366,0,0.6117206989608157
0.074,0.01854723699099141,0,0.49587333962314717
0.9190000000000002,0.026907248094147396,0,0.40976547779895334
0.08399999999999999,0.025278449319529075,0,0.5336955456095247
0.22349999999999998,0.03571064267133819,0,0.41041649645940453
0.9030000000000001,0.03026549190084311,1,0.3648977010481404
0.8985,0.027299267389437405,1,0.43407468102947927
0.09099999999999998,0.019467922333931784,0,0.7668723355934546
0.21549999999999997,0.05364000372856065,0,0.6630103138131165
0.06300000000000001,0.021118712081942874,0,0.6417082247106467
0.22949999999999998,0.09084189562090832,0,0.8189855023864975
0.19849999999999998,0.04159627387158614,0,0.8662887952063094
0.8510000000000002,0.04448595283907045,1,0.6155086720047798
0.23249999999999998,0.03809527529760088,0,0.580848816816915
0.14250000000000002,0.0286574597618142,0,0.7383665617562248
0.2355,0.050766622893393266,0,0.709540189958711
0.10500000000000001,0.0322490309931942,0,0.7623879844518516
0.219,0.033970575502926065,0,0.6793169454264321
0.1625,0.05613599558215744,0,0.5242714183791158
0.8720000000000001,0.03776241517699842,0,0.5882215069397932
0.21550000000000002,0.04280478945164898,1,0.41253935238551565
0.5130000000000001,0.06936137253543934,1,0.6655111624209511
0.8014999999999999,0.03201952529317071,1,0.38054934190715606
0.8925000000000001,0.04981214711292819,1,0.7862418329264208
0.1795,0.028235615806991,0,0.40810979585658774
0.101,0.035972211497209895,0,0.6217408634681274
0.156,0.020712315177207976,0,0.45516959269436713
0.182,0.036482872693909395,0,0.4883104983813251
0.9424999999999999,0.019525624189766604,1,0.5300424631446268
0.6045,0.0661985649391284,1,0.6920612575285485
0.21599999999999997,0.04794788837894741,0,0.8426729615593833
0.5980000000000001,0.0849470423263812,1,0.739813138653521
0.28700000000000003,0.07730459236035074,0,0.4369324975855781
0.20400000000000001,0.0406078810084939,1,0.7676023882603796
0.3245,0.07243790444235669,0,0.4327815791416092
0.9564999999999999,0.018714967272212894,1,0.7467730826867035
0.09099999999999998,0.03360059523282289,1,0.6854070141912887
0.688,0.03702701716314723,0,0.5812133534634429
0.9125,0.027681221071332814,1,0.5732077609622721
0.7625000000000002,0.05178078794301994,1,0.39131438919099326
0.325,0.03905124837953327,1,0.8009917834736571
0.036500000000000005,0.016439282222773598,0,0.5056447399195387
0.2385,0.04195533339159635,0,0.7262817275118485
0.32349999999999995,0.053946732987271796,0,0.9086250837957964
0.1405,0.02769927796892908,0,0.36031738673109837
0.4345,0.06728484227521084,1,0.6107430009528576
0.049499999999999995,0.017951323071016243,0,0.5351402115967311
0.1275,0.02136000936329383,0,0.4254519970600542
0.526,0.05161395160225574,1,0.7977170405903922
0.374,0.055263007518592394,0,0.6370817805316111
0.10800000000000001,0.04433959855479073,0,0.7020521470472663
0.6475,0.07570501964863362,0,0.646888304494948
0.8985000000000001,0.03090711892105121,0,0.37311751640268254
0.5439999999999999,0.06126989472816157,0,0.645207564584502
0.951,0.013190905958272896,1,0.8091730093972913
0.914,0.03199999999999999,1,0.866309735922453
0.21300000000000002,0.06772001181334805,0,0.6193315401960813
0.16799999999999998,0.0552358579185659,0,0.7253672626932968
0.799,0.029816103031751136,1,0.4971199770968953
0.624,0.1065082156455548,0,0.5124694861699102
0.1725,0.029347061181658373,0,0.6468036485783651
0.181,0.055758407437802596,0,0.8322680786980692
0.059,0.017146428199482245,0,0.6388979022830745
0.06700000000000002,0.019646882704388503,1,0.6838166656769893
0.18249999999999997,0.05153882032022075,0,0.5537203972651608
0.10300000000000001,0.04013726448077896,0,0.6552150979620529
0.123,0.026851443164195105,0,0.36652003501065544
0.46899999999999986,0.06552861970162349,0,0.5227942033495226
0.21400000000000002,0.03897435053981015,0,0.48173653522348625
0.8119999999999999,0.049859803449271635,1,0.6857729937836183
0.18700000000000003,0.048228622207149976,0,0.7211161021903675
0.4505,0.05410406639061431,1,0.8105608715263812
0.06200000000000001,0.021000000000000005,0,0.6624898361426627
0.3435,0.0792795686163844,0,0.6383595520217695
0.22149999999999997,0.078423529632375,1,0.5876861480016844
0.12000000000000002,0.04104875150354759,0,0.6983424328882691
0.5005,0.06369654621720082,1,0.44087110848995237
0.15650000000000003,0.03860375629391523,0,0.44782849523825397
0.073,0.021470910553583893,0,0.5473044528166323
0.17850000000000002,0.051915797210483054,0,0.3856887085754994
0.2635,0.03768620437242254,0,0.7442227521386553
0.3410000000000001,0.03292415526630865,0,0.7521566860296744
0.07,0.0191049731745428,0,0.7362227940239056
0.19899999999999998,0.04247352116319061,0,0.6121356456332953
0.096,0.03254228019054596,0,0.5770043194142869
0.38500000000000006,0.08697700845625815,0,0.7397385556423558
0.1025,0.01585086748414736,0,0.7954980414648857
0.8394999999999999,0.05824302533351098,1,0.38268161970232384
0.32649999999999996,0.05895125104694556,0,0.471464092882511
0.39299999999999996,0.060423505360083174,1,0.6631523680090374
0.057499999999999996,0.020402205763103167,0,0.566593172252331
0.29600000000000004,0.04011234224026315,1,0.5199059143910825
